This Week's Date,11/2,11/2,11/3,11/4,11/5,11/6,11/7,11/8,,,
,,Sunday,Monday,Tuesday,Wednesday,Thursday,Friday,Saturday,Misses,Total,
,,,,,,,,,,,
,,11/3,11/4,11/5,11/6,11/7,11/8,11/9,,,
,,Sunday,Monday,Tuesday,Wednesday,Thursday,Friday,Saturday,Misses,Total,
,Physical Health,,,,,,,,,,
,Cardio Work Outs x2,,,X,,,,X,,0,
,Strength Work Outs x2,,,,X,X,,,,0,
,"Weeknight Drinking x1, Max 2 Drinks",,1,1,1,,1,1,,5,
,"Weekend Drinking: Max 8 drinks, max 4 in 1 day",,,,,,,,,0,
,No Zyns,X,X,X,X,X,1,,,1,
,In bed by 11:30PM on weeknights,X,X,X,X,X,X,X,,0,
,Awake by 7:30AM on weekdays,X,X,X,X,X,1,X,,1,
,,,,,,,,,,,
,Mental Health,,,,,,,,,,
,Meditate x4,,,X,X,X,,X,,0,
,Gratitude Journal x7,X,X,X,X,X,X,X,,0,
,Read 50 pages of non-fiction,,,,,,,,,0,
,Max 30 minutes of Instagram per day,X,X,X,X,X,X,X,,0,
,,,,,,,,,,,
,Budgeting,,,,,,,,,0,
,"Buy breakfast, x1 per week",X,X,X,X,X,X,X,,0,
,"Buy lunch max, x2 per weekdays",,X,X,X,X,X,,,0,
,"Buy dinner max, x2 per weekdays",,X,X,X,X,X,,,0,
,"Buy lunch max, x1 per weekend",X,,,,,X,X,,0,
,"Buy dinner max, x1 per weekend",X,,,,,1,X,,1,
,,,,,,,,,,,
,Work,,,,,,,,,,
,Begin active work by 9:30AM each day,,,,,,,,,,
,"Time block each day, intent to better plan day",X,X,X,X,X,1,X,,1,
,,,,,,,,,,,
,Other,,,,,,,,,,
,Finish 1 storyworth for Dad per day,,,,,,,,,,
,Set week specific goals Sunday night,,,,,,,,,,
,,,,,,,,,,,
,Total Strikes,,,,,,,,,9,
,,,,,,,,,,,
,,11/10,11/11,11/12,11/13,11/14,11/15,11/16,,MISSED,
,,Sunday,Monday,Tuesday,Wednesday,Thursday,Friday,Saturday,,,
,Physical Health,,,,,,,,,,
,Cardio Work Outs x2,,,,,,,,,,
,Strength Work Outs x2,,,,,,,,,,
,"Weeknight Drinking x1, Max 2 Drinks",,,,,,,,,,
,"Weekend Drinking: Max 8 drinks, max 4 in 1 day",1,,,,,,,,,
,No Zyns,1,,,,,,,,,
,In bed by 11:30PM on weeknights,,,,,,,,,,
,Awake by 7:30AM on weekdays,,,,,,,,,,
,,,,,,,,,,,
,Mental Health,,,,,,,,,,
,Meditate x4,,,,,,,,,,
,Gratitude Journal x7,,,,,,,,,,
,Read 50 pages of non-fiction,,,,,,,,,,
,Max 30 minutes of Instagram per day,,,,,,,,,,
,,,,,,,,,,,
,Budgeting,,,,,,,,,,
,"Buy breakfast, x1 per week",,,,,,,,,,
,"Buy lunch max, x2 per weekdays",,,,,,,,,,
,"Buy dinner max, x2 per weekdays",,,,,,,,,,
,"Buy lunch max, x1 per weekend",,,,,,,,,,
,"Buy dinner max, x1 per weekend",1,,,,,,,,,
,,,,,,,,,,,
,Work,,,,,,,,,,
,Begin active work by 9:30AM each day,,,,,,,,,,
,"Time block each day, intent to better plan day",,,,,,,,,,
,,,,,,,,,,,
,Other,,,,,,,,,,
,Finish 1 storyworth for Dad per day,,,,,,,,,,
,Set week specific goals Sunday night,,,,,,,,,,
,,,,,,,,,,,
,Week Specific ,,,,,,,,,,
,Send in passport info,,,,,,,,,,
,Plan proposal,,,,,,,,,,
,Call museum,,,,,,,,,,
,Book dinner res for 8,,,,,,,,,,
,Call Barry and Deb,,,,,,,,,,
,Book hotel in city,,,,,,,,,,
,Book brunch next morning ,,,,,,,,,,
,Book photographer,,,,,,,,,,
,,,,,,,,,,,
,,11/17,11/18,11/19,11/20,11/21,11/22,11/23,,,
,,Sunday,Monday,Tuesday,Wednesday,Thursday,Friday,Saturday,Misses,Total,
,Physical Health,,,,,,,,,,
,Cardio Work Outs x2,,,,,,,,2,2,
,Strength Work Outs x2,,,,X,,,X,,0,
,"Weeknight Drinking x1, Max 2 Drinks",,1,,,,,,,1,
,"Weekend Drinking: Max 8 drinks, max 4 in 1 day",1,,,,,,,,1,
,No Zyns,,,,,,,,,0,
,In bed by 11:30PM on weeknights,,,,,,,,,0,
,Awake by 7:30AM on weekdays,,1,1,1,1,1,,,5,
,,,,,,,,,,,
,Mental Health,,,,,,,,,,
,Meditate x4,,,,,,,,,0,
,Gratitude Journal x7,,,,1,,,,,1,
,Read 50 pages of non-fiction,,,,,,,,1,1,
,Max 30 minutes of Instagram per day,,,,,,,1,,1,
,,,,,,,,,,,
,Budgeting,,,,,,,,,0,
,"Buy breakfast, x1 per week",,,,,,,,,0,
,"Buy lunch max, x2 per weekdays",,,,,,,,,0,
,"Buy dinner max, x2 per weekdays",,,,,,,,,0,
,"Buy lunch max, x1 per weekend",,,,,,,,,0,
,"Buy dinner max, x1 per weekend",,,,,,,,,0,
,,,,,,,,,,,
,Work,,,,,,,,,,
,Begin active work by 9:30AM each day,,,,,,,,,,
,"Time block each day, intent to better plan day",,1,1,1,1,1,,,5,
,,,,,,,,,,,
,Other,,,,,,,,,,
,Finish 1 storyworth for Dad per day,,,,,,,,,0,
,Set week specific goals Sunday night,,,,,,,,,0,
,,,,,,,,,,,
,,,,,,,,,,17,
,,,,,,,,,,,
,,11/24,11/25,11/26,11/27,11/28,11/29,11/30,,MISSED,
,,Sunday,Monday,Tuesday,Wednesday,Thursday,Friday,Saturday,Misses,Total,
,Physical Health,,,,,,,,,,
,Cardio Work Outs x2,,,,,,,,2,2,
,Strength Work Outs x2,,,,,,,,,0,
,"Weeknight Drinking x1, Max 2 Drinks",,,,,,,,,0,
,"Weekend Drinking: Max 8 drinks, max 4 in 1 day",,,,,,,,,0,
,No Zyns,,,,,,,,,0,
,In bed by 11:30PM on weeknights,,,,,,,,,0,
,Awake by 7:30AM on weekdays,,1,,,,,,,1,
,,,,,,,,,,,
,Mental Health,,,,,,,,,,
,Meditate x4,,,,,,,,,0,
,Gratitude Journal x7,X,,,,,,,,0,
,Read 50 pages of non-fiction,,,,,,,,1,1,
,Max 30 minutes of Instagram per day,1,,,,,,,,1,
,,,,,,,,,,,
,Budgeting,,,,,,,,,0,
,"Buy breakfast, x1 per week",,,,,,,,,0,
,"Buy lunch max, x2 per weekdays",,,,,,,,,0,
,"Buy dinner max, x2 per weekdays",,,,,,,,,0,
,"Buy lunch max, x1 per weekend",,,,,,,,,0,
,"Buy dinner max, x1 per weekend",,,,,,,,,0,
,,,,,,,,,,,
,Work,,,,,,,,,,
,Begin active work by 9:30AM each day,,,,,,,,,,
,"Time block each day, intent to better plan day",,,,,,,,,0,
,,,,,,,,,,,
,Other,,,,,,,,,,
,Finish 1 storyworth for Dad per day,,,,,,,,,0,
,Set week specific goals Sunday night,,,,,,,,,0,
,,,,,,,,,,,
,,,,,,,,,,5,
,,,,,,,,,,,
,,12/2,12/3,12/4,12/5,12/6,12/7,12/8,,,
,,Sunday,Monday,Tuesday,Wednesday,Thursday,Friday,Saturday,Misses,Total,
,Physical Health,,,,,,,,,,
,Cardio Work Outs x2,,,,,,,,,0,
,Strength Work Outs x2,,,,,,,,,0,
,"Weeknight Drinking x1, Max 2 Drinks",,,,,,,,1,1,
,"Weekend Drinking: Max 8 drinks, max 4 in 1 day",,,,,,,,,0,
,No Zyns,,,,,,,,,0,
,In bed by 11:30PM on weeknights,,,,,,,,2,2,
,Awake by 7:30AM on weekdays,,1,,,,,,2,3,
,,,,,,,,,,,
,Mental Health,,,,,,,,,,
,Meditate x4,,,,,,,,4,4,
,Gratitude Journal x7,,,,,,,,2,2,
,Read 50 pages of non-fiction,,,,,,,,,0,
,Max 30 minutes of Instagram per day,1,,,,,,,,1,
,,,,,,,,,2,,
,Budgeting,,,,,,,,,0,
,"Buy breakfast, x1 per week",,,,,,,,,0,
,"Buy lunch max, x2 per weekdays",,,,,,,,,0,
,"Buy dinner max, x2 per weekdays",,,,,,,,,0,
,"Buy lunch max, x1 per weekend",,,,,,,,,0,
,"Buy dinner max, x1 per weekend",,,,,,,,,0,
,,,,,,,,,,,
,Work,,,,,,,,,,
,Begin active work by 9:30AM each day,,X,,,,,,1,1,
,"Time block each day, intent to better plan day",,,,,,,,1,1,
,,,,,,,,,,,
,Other,,,,,,,,,,
,Finish 1 storyworth for Dad per day,1,,,,,,,6,7,
,Set week specific goals Sunday night,,did on Monday,,,,,,,0,
,"Have budget session with Chelsey - set targeted goals, invite to Monarch, discuss savings plan",,,,,,,,,,
,,,,,,,,,,22,
,,,,,,,,,,,
,,12/9,12/10,12/11,12/12,12/13,12/14,12/15,,,
,,Sunday,Monday,Tuesday,Wednesday,Thursday,Friday,Saturday,Misses,Total,
,Physical Health,,,,,,,,,,
,Cardio Work Outs x2,,,,X,,,,,0,
,Strength Work Outs x2,,X,,,,X,X,,0,
,"Weeknight Drinking x1, Max 2 Drinks",,,,,,,,,0,
,"Weekend Drinking: Max 8 drinks, max 4 in 1 day",,,,,,,,,0,
,No Zyns,,,,,,,,,0,
,In bed by 11:30PM on weeknights,X,X,,,,,,,0,
,Awake by 7:30AM on weekdays,,1,,,,1,,,2,
,,,,,,,,,,,
,Mental Health,,,,,,,,,,
,Meditate x4,,,,,,,,1,1,
,Gratitude Journal x7,X,X,X,X,X,X,1,,1,
,Read 50 pages of non-fiction,X,,,,,,,,0,
,Max 30 minutes of Instagram per day,1,,,,,,,2,3,
,,,,,,,,,,,
,Budgeting,,,,,,,,,0,
,"Buy breakfast, x1 per week",,1,1,,,,,,2,
,"Buy lunch max, x2 per weekdays",,,X,X,,,,,0,
,"Buy dinner max, x2 per weekdays",,,,,,,,,0,
,"Buy lunch max, x1 per weekend",,,,,,,,,0,
,"Buy dinner max, x1 per weekend",,,X,,,,,,0,
,,,,,,,,,,,
,Work,,,,,,,,,,
,Begin active work by 9:30AM each day,,X,X,X,X,X,X,,0,
,"Time block each day, intent to better plan day",,X,X,X,X,X,X,,0,
,,,,,,,,,,,
,Other,,,,,,,,,,
,Finish 1 storyworth for Dad per day,1,,,,,,,,1,
,Set week specific goals Sunday night,,,did on Tuesday,,,,,,0,
,Christmas shop for Chelsey - 1 sentimental gift and 1 comfy gift,,,,,,,,2,2,
,FINISH STORYWORTH,,,,,,,,,,
,,,,,,,,,,12,
,,,,,,,,,,,
,,,,,,,,,,,
,,,,,,,,,,,
,,,,,,,,,,,
,,1/5,1/6,1/7,1/8,1/9,1/10,1/11,,,
,,Sunday,Monday,Tuesday,Wednesday,Thursday,Friday,Saturday,Misses,Total,
,Physical Health,,,,,,,,,,
,Cardio Work Outs x2,,X,,,,,,1,1,
,Strength Work Outs x2,,,,X,X,,,,0,
,"Weeknight Drinking x1, Max 2 Drinks",,,,,,,,,0,
,"Weekend Drinking: Max 8 drinks, max 4 in 1 day",,,,,,,,,0,
,No Zyns,,,,,,,,,0,
,In bed by 11:30PM on weeknights,,,,,,1,,,1,
,Awake by 7:30AM on weekdays,,1,,,1,,,,2,
,,,,,,,,,,,
,Mental Health,,,,,,,,,,
,Meditate x4,,X,,,,,,3,3,
,Gratitude Journal x7,X,X,X,X,X,1,X,,1,
,Read 50 pages of non-fiction,X,,,,,,,,0,
,Max 30 minutes of Instagram per day,,,,,,,,,0,
,,,,,,,,,,,
,Budgeting,,,,,,,,,0,
,"Buy breakfast, x1 per week",,,1,,,,,,1,
,"Buy lunch max, x2 per weekdays",,,,,,,,,0,
,"Buy dinner max, x2 per weekdays",,,,,,,,,0,
,"Buy lunch max, x1 per weekend",,,,,,,X,,0,
,"Buy dinner max, x1 per weekend",,,,,,,X,,0,
,,,,,,,,,,,
,Work,,,,,,,,,,
,Begin active work by 9:30AM each day,,X,X,X,X,1,,,1,
,"Time block each day, intent to better plan day",,X,X,X,X,1,,,1,
,,,,,,,,,,,
,Other,,,,,,,,,,
,,,,,,,,,,0,
,Set week specific goals Sunday night,1,,,,,,,,1,
,,,,,,,,,,0,
,,,,,,,,,,,
,,,,,,,,,,12,
,,,,,,,,,,,
,,,,,,,,,,,
,,1/12,1/13,1/14,1/15,1/16,1/17,1/18,,,
,,Sunday,Monday,Tuesday,Wednesday,Thursday,Friday,Saturday,Misses,Total,
,,,,,,,,,,,
1/12-1/18,,,,,,,,,,,
,Physical Health,,,,,,,,,,
,Cardio Work Outs x2 (1 HIIT workout),,,,,,X,,1,1,
,Strength Work Outs x2,,X,,X,,,,,0,
,Core Work Out x1 (Can be cardio focused core),,,,,,,,1,1,
,No Zyns,X,X,X,X,X,X,X,,0,
,In bed by 11:00PM on weeknights,,X,X,X,1,,,,1,
,Awake by 7:15AM on weekdays,,1,1,1,1,1,,,5,
,,,,,,,,,,,
,Mental Health,,,,,,,,,,
,Meditate x7,,X,X,X,X,X,X,,0,
,Gratitude Journal x7,X,X,X,X,X,1,X,,1,
,Fifteen Minutes Written Journaling x2 (Wednesday & Sunday),,X,X,,X,X,X,1,1,
,Read 50 pages of non-fiction,,,,X,,,,,0,
,Read 1 chapter of a parenting book,,X,X,X,X,X,X,,0,
,Read 10 minutes every morning or evening,,X,X,X,X,X,X,,0,
,Max 25 minutes of Instagram per day,,X,X,X,X,X,X,,0,
,Set week specific goals Sunday night,,X,,,,,,,0,
,Review strikes each night or in morning of following day,X,X,X,X,1,1,1,,3,
,,,,,,,,,,,
,Budgeting,,,,,,,,,0,
,"Buy breakfast, x1 per week",,,,,,,,,0,
,"Buy lunch max, x2 per weekdays",,,,,,,,,0,
,"Buy dinner max, x2 per weekdays",,,,,,,,,0,
,"Buy lunch max, x1 per weekend",,,,,,,,,0,
,"Buy dinner max, x1 per weekend",,,,,X,,,,0,
,Review expenses for 5 minutes at one point in the day,,,,X,X,X,,2,2,
,,,,,,,,,,,
,Work,,,,,,,,,,
,Begin active work by 9:30AM each day,,,X,X,X,X,,,0,
,"Time block each day, intent to better plan day",,,X,X,X,X,,,0,
,Do 90 minutes of focused do not disturb work every workday OR,,,X,X,X,X,,,0,
,Do 4 pomadoro time blocks each day,,,,,,,,,0,
,,,,,,,,,,,
,Monthly,,,,,,,,,,
,"Review financial health (expenses, savings)",,,,,,,,,0,
,Check-in with Chelsey on how she feels about us and what I can do as a partner,,,,,,,,,0,
,"Go to 1 networking event a month - either direct coffee, happy hour or speaker",,,,,,,,,0,
,2 'nice' planned date nights a month,,,,,,,,,,
,,,,,,,,,,,
,Cooking,,,,,,,,,,
,Cook 1 new meal a week,,,,,,,X,,0,
,Read 10 pages of cook book each week,,,,,,,,1,1,
,,,,,,,,,,,
,Other,,,,,,,,,,
,Complete review of Dad's updated storyworths,,,,,,,,1,1,
,Add in Alexa to Govee home system,,,,,,,,1,1,
,Set up auto cat feeders,,X,,,,,,X,0,
,Finish baby registry ,,,,,,,,1,1,
,,,,,,,,,,,
Misses:,,,,,,,,,,19,
,,,,,,,,,,,
1/19-1/25,,,,,,,,,,,
,Physical Health,,,,,,X,,1,,
,Cardio Work Outs x2 (1 HIIT workout),,X,,,,,X,,0,
,Strength Work Outs x2,,,,,,,,,0,
,Core Work Out x1 (Can be cardio focused core),,,,,,,,1,1,
,No Zyns,X,X,X,X,X,X,X,,0,
,In bed by 11:15PM on weeknights,,,,,,,,3,3,
,Awake by 7:25AM on weekdays,,,,,,,,3,3,
,,,,,,,,,,,
,Mental Health,,,,,,,,,,
,Meditate x7,,,,,,,,2,2,
,Gratitude Journal x7,X,X,X,X,X,1,X,,1,
,Fifteen Minutes Written Journaling x2 (Wednesday & Sunday),,,,X,,,,1,1,
,Read 50 pages of non-fiction,,,,,,,,X,0,
,Read 1 chapter of a parenting book,X,X,X,X,X,1,X,,1,
,Read 10 minutes every morning or evening,X,X,X,X,X,1,1,,2,
,Max 25 minutes of Instagram per day,,,,,,,,,0,
,Set week specific goals Sunday night,,,,,,,,,0,
,Review strikes each night or in morning of following day,,,,,,,,3,3,
,,,,,,,,,,,
,Budgeting,,,,,,,,,0,
,"Buy breakfast, x1 per week",,,,,,,,,0,
,"Buy lunch max, x2 per weekdays",,,,,,,,,0,
,"Buy dinner max, x2 per weekdays",,,,,,,,,0,
,"Buy lunch max, x1 per weekend",,,,,,,,,0,
,"Buy dinner max, x1 per weekend",,,,,,,,,0,
,Review expenses for 5 minutes at one point in the day,,,,,,,,3,3,
,,,,,,,,,,,
,Work,,,,,,,,,,
,Begin active work by 9:30AM each day,,X,X,X,X,X,,,0,
,"Time block each day, intent to better plan day",,X,X,X,X,X,,,0,
,Do 90 minutes of focused do not disturb work every workday OR,,X,X,X,X,X,,,0,
,Do 4 pomadoro time blocks each day,,,,,,,,,0,
,,,,,,,,,,,
,Monthly,,,,,,,,,,
,"Review financial health (expenses, savings)",,,,,,,,,0,
,Check-in with Chelsey on how she feels about us and what I can do as a partner,,,,,,,,,0,
,"Go to 1 networking event a month - either direct coffee, happy hour or speaker",,,,,,,,,0,
,2 'nice' planned date nights a month,,,,,,,,,,
,,,,,,,,,,,
,Cooking,,,,,,,,,,
,Cook 1 new meal a week,,,,,,,,,0,
,Read 10 pages of cook book each week,,,,,,,,,0,
,,,,,,,,,,,
,Other,,,,,,,,,,
,Complete review of Dad's updated storyworths,,,,,,,,1,1,
,Add in Alexa to Govee home system,,,,,,,,1,1,
,Set up car insurance,,,,,,,,1,1,
,,,,,,,,,,0,
,,,,,,,,,,,
Misses:,,,,,,,,,,23,
,,,,,,,,,,,
1/26-2/1,,,,,,,,,,,
,Physical Health,,,,,,,,,,
,Cardio Work Outs x2 (1 HIIT workout),,,,X,,,,1,1,
,Strength Work Outs x2,,X,,,X,,,,0,
,Core Work Out x1 (Can be cardio focused core),,,,X,,,,,0,
,No Zyns,X,X,,,,,,,0,
,In bed by 11:15PM on weeknights,1,X,X,X,1,,,,2,
,Awake by 7:25AM or 7:45 on weekdays; depending on WFH,,1,X,X,X,X,,,1,
,,,,,,,,,,,
,Mental Health,,,,,,,,,,
,Meditate x7,X,X,X,X,X,X,,1,1,
,Gratitude Journal x7,X,X,X,X,X,X,X,,0,
,Fifteen Minutes Written Journaling x2 (Wednesday & Sunday),,X,,,,,,1,1,
,Read 50 pages of non-fiction,X,,,,,,,,0,
,Read 1 chapter of a parenting book,X,X,X,X,X,X,,1,1,
,Read 10 minutes every morning or evening,X,X,X,X,X,X,,,0,
,Max 25 minutes of Instagram per day,X,X,X,X,X,X,X,,0,
,Set week specific goals Sunday night,,X (Carry over last week),,,,,,,0,
,Review strikes each night or in morning of following day,1,X,X,X,X,X,X,,1,
,,,,,,,,,,,
,Budgeting,,,,,,,,,0,
,"Buy breakfast, x1 per week",,,,,,,,,0,
,"Buy lunch max, x2 per weekdays",,X,,X,,,,,0,
,"Buy dinner max, x2 per weekdays",,,,,X,,,,0,
,"Buy lunch max, x1 per weekend",X,,,,,,,,0,
,"Buy dinner max, x1 per weekend",,,,,,X,,,0,
,Review expenses for 5 minutes at one point in the day,X,X,X,X,1,X,,,1,
,,,,,,,,,,,
,Work,,,,,,,,,,
,Begin active work by 9:30AM each day,,X,X,X,X,X,,,0,
,"Time block each day, intent to better plan day",,X,X,X,X,1,,,1,
,Do 90 minutes of focused do not disturb work every workday OR,,X,X,X,X,1,,,1,
,Do 4 pomadoro time blocks each day,,,,,,,,,0,
,,,,,,,,,,,
,Monthly,,,,,,,,,,
,"Review financial health (expenses, savings)",X,,,,,,,,0,
,Check-in with Chelsey on how she feels about us and what I can do as a partner,,,,,,,,,0,
,"Go to 1 networking event a month - either direct coffee, happy hour or speaker",,,,,,,,1,1,
,2 'nice' planned date nights a month,,,,,,,,,,
,,,,,,,,,,,
,Cooking,,,,,,,,,,
,Cook 1 new meal a week,,,,,,,,1,1,
,Read 10 pages of cook book each week,X,,,,,,,1,1,
,,,,,,,,,,,
,Other,,,,,,,,,,
,Complete review of Dad's updated storyworths,,,,,,,X,,0,
,Add in Alexa to Govee home system,,,,,,,,,0,
,Set up car insurance,,,,X,,,,,0,
,,,,,,,,,,0,
,,,,,,,,,,,
Misses:,,,,,,,,,,14,
,,,,,,,,,,,
2/2-2/8,,,,,,,,,,,
,Physical Health,,,,,,vacation (weak excuse for Friday but Saturday it counts),,,,
,Cardio Work Outs x2 (1 HIIT workout),,,,,,,,,0,
,Strength Work Outs x2,X,,,X,,,,,0,
,Core Work Out x1 (Can be cardio focused core),,X,,,,,,,0,
,No Zyns,,,,,,,,,0,
,In bed by 11:15PM on weeknights,,1,1,1,,,,,3,
,Awake by 7:25AM or 7:45 on weekdays; depending on WFH,,,1,1,1,,,,3,
,,,,,,,,,,,
,Mental Health,,,,,,,,,,
,Meditate x7,X,X,1,X,,,,,1,
,Gratitude Journal x7,X,X,X,X,,,,,0,
,Fifteen Minutes Written Journaling x2 (Wednesday & Sunday),,,,,,,,,0,
,Read 50 pages of non-fiction,X,,,,,,,,0,
,Read 1 chapter of a parenting book,X,X,1,X,,,,,1,
,Read 10 minutes every morning or evening,X,X,X,X,,,,,0,
,Max 25 minutes of Instagram per day,X,X,X,X,,,,,0,
,Set week specific goals Sunday night,,,,,,,,,0,
,Review strikes each night or in morning of following day,,X,X,X,,,,,0,
,,,,,,,,,,,
,Budgeting,,,,,,,,,0,
,"Buy breakfast, x1 per week",,,X,,,,,,0,
,"Buy lunch max, x2 per weekdays",,,X,,,,,,0,
,"Buy dinner max, x2 per weekdays",,,,X,,,,,0,
,"Buy lunch max, x1 per weekend",,,,,,,,,0,
,"Buy dinner max, x1 per weekend",,,,,,,,,0,
,Review expenses for 5 minutes at one point in the day,X,X,X,,,,,,0,
,,,,,,,,,,,
,Work,,,,,,,,,,
,Begin active work by 9:30AM each day,,X,X,X,,,,,0,
,"Time block each day, intent to better plan day",,X,X,X,,,,,0,
,Do 90 minutes of focused do not disturb work every workday OR,,X,X,X,,,,,0,
,Do 4 pomadoro time blocks each day,,,,,,,,,0,
,,,,,,,,,,,
,Monthly,,,,,,,,,,
,"Review financial health (expenses, savings)",,,,,,,,,0,
,Check-in with Chelsey on how she feels about us and what I can do as a partner,,,,,,,,,0,
,"Go to 1 networking event a month - either direct coffee, happy hour or speaker",,,,,,,,,0,
,2 'nice' planned date nights a month,,,,,,,,,,
,,,,,,,,,,,
,Cooking,,,,,,,,,,
,Cook 1 new meal a week,,,,,,,,,0,
,Read 10 pages of cook book each week,,,,,,,,,0,
,,,,,,,,,,,
,Other,,,,,,,,,,
,,,,,,,,,,0,
,Add in Alexa to Govee home system,,,,,,,,1,1,
,,,,,,,,,,0,
,,,,,,,,,,0,
,,,,,,,,,,,
Misses:,,,,,,,,,,9,
,,,,,,,,,,,
2/16-2/22,,,,,,,,,,,
,Physical Health,Vacation,,,,,,,,,
,Cardio Work Outs x2 (1 HIIT workout),,,,,,,,2,2,
,Strength Work Outs x2,,,X,,,X,X,,0,
,Core Work Out x1 (Can be cardio focused core),,,,,,,,1,1,
,No Zyns,,,X,X,X,X,1,,1,
,In bed by 11:15PM on weeknights,,,X,X,1,X,X,,1,
,Awake by 7:25AM or 7:45 on weekdays; depending on WFH,,,1,1,X,X,,,2,
,,,,,,,,,,,
,Mental Health,,,,,,,,,,
,Meditate x7,,,X,X,X,,,,0,
,Gratitude Journal x7,,,X,X,X,X,X,,0,
,Fifteen Minutes Written Journaling x2 (Wednesday & Sunday),,,,,,,X,,0,
,Read 50 pages of non-fiction,,,,,,,,X,0,
,Read 1 chapter of a parenting book,,,X,X,X,,,,0,
,Read 10 minutes every morning or evening,,,X,X,X,,,,0,
,Max 25 minutes of Instagram per day,,,,,,,,,0,
,Set week specific goals Sunday night,,,,,,,,,0,
,Review strikes each night or in morning of following day,,,X,X,1,,,,1,
,,,,,,,,,,,
,Budgeting,,,,,,,,,0,
,"Buy breakfast, x1 per week",,,,,,,,,0,
,"Buy lunch max, x2 per weekdays",,,,,,X,,,0,
,"Buy dinner max, x2 per weekdays",,,,,,,X,,0,
,"Buy lunch max, x1 per weekend",,,,,,,,,0,
,"Buy dinner max, x1 per weekend",,,,,,,,,0,
,Review expenses for 5 minutes at one point in the day,,,,,,,,2,2,
,,,,,,,,,,,
,Work,,,,,,,,,,
,Begin active work by 9:30AM each day,,,X,X,X,X,,,0,
,"Time block each day, intent to better plan day",,,X,X,X,X,,,0,
,Do 90 minutes of focused do not disturb work every workday OR,,,X,X,X,X,,,0,
,Do 4 pomadoro time blocks each day,,,,,,,,,0,
,,,,,,,,,,,
,Monthly,,,,,,,,,,
,"Review financial health (expenses, savings)",X,,,,,,,,0,
,Check-in with Chelsey on how she feels about us and what I can do as a partner,,,,,,,,,0,
,"Go to 1 networking event a month - either direct coffee, happy hour or speaker",,,,,,,,,0,
,2 'nice' planned date nights a month,,,,,,,,,,
,,,,,,,,,,,
,Cooking,,,,,,,,,,
,Cook 1 new meal a week,,,,,,,,1,1,
,Read 10 pages of cook book each week,,,,,,,,1,1,
,,,,,,,,,,,
,Other,,,,,,,,,,
,,,,,,,,,,0,
,Add in Alexa to Govee home system,,,,,,,,1,1,
,,,,,,,,,,0,
,,,,,,,,,,0,
,,,,,,,,,,,
Misses:,,,,,,,,,,13,
,,,,,,,,,,,
2/23-3/1,,,,,,,,,,,
,Physical Health,Sunday,Monday,Tuesday,Wednesday,Thursday,Friday,Saturday,,,
,Cardio Work Outs x2 (1 HIIT workout),,,,,,X,X,,0,
,Strength Work Outs x2,,X,,X,,,,,0,
,Core Work Out x1 (Can be cardio focused core),,,,,,,X,,0,
,No Zyns,X,X,X,X,X,X,X,,0,
,In bed by 11:15PM on weeknights,X,X,X,X,X,X,,,0,
,Awake by 7:25AM or 7:45 on weekdays; depending on WFH,,1,X,X,X,1,,,2,
,,,,,,,,,,,
,Mental Health,,,,,,,,,,
,Meditate x7,X,X,X,X,X,1,X,,1,
,Gratitude Journal x7,X,X,X,X,X,X,X,,0,
,Ten Minutes Written Journaling x2 (Wednesday & Sunday),,,,,,,,1,1,
,Read 50 pages of non-fiction,X,,,,,,,,0,
,Read 1 chapter of a parenting book,X,X,X,X,X,X,X,,0,
,Read 10 minutes every morning or evening,X,X,X,X,X,X,X,,0,
,Max 25 minutes of Instagram per day,X,X,X,X,X,X,X,,0,
,Set week specific goals on Monday,,X,,,,,,,0,
,Review strikes each night or in morning of following day,,X,,,,,,,0,
,,,,,,,,,,,
,Budgeting,,,,,,,,,0,
,"Buy breakfast, x1 per week",,,,,,,,,0,
,"Buy lunch max, x2 per weekdays",,X,,,,,,,0,
,"Buy dinner max, x2 per weekdays",,,,,,,,,0,
,"Buy lunch max, x1 per weekend",,,,,,,X,,0,
,"Buy dinner max, x1 per weekend",,,,,,,X,,0,
,Review expenses for 5 minutes at one point in the day,1,X,X,X,X,X,1,,2,
,,,,,,,,,,,
,Work,,,,,,,,,,
,Begin active work by 9:30AM each day,,X,X,X,X,1,,,1,
,"Time block each day, intent to better plan day",,X,X,X,X,X,,,0,
,Do 90 minutes of focused do not disturb work every workday OR,,X,X,X,X,1,,,1,
,Do 4 pomadoro time blocks each day,,,,,,,,,0,
,,,,,,,,,,,
,Monthly,,,,,,,,,,
,"Review financial health (expenses, savings)",,,,,,,,,0,
,Check-in with Chelsey on how she feels about us and what I can do as a partner,,,,,,,,,0,
,"Go to 1 networking event a month - either direct coffee, happy hour or speaker",,,,,,,,1,1,
,2 'nice' planned date nights a month,,,,,,,,,,
,,,,,,,,,,,
,Cooking,,,,,,,,,,
,Cook 1 new meal a week,,,,,,,,1,1,
,Read 10 pages of cook book each week,,,,,,,,1,1,
,,,,,,,,,,,
,Other,,,,,,,,,,
,Keep strike count under 10,,,,,,,,,0,
,,,,,,,,,,0,
,,,,,,,,,,0,
,,,,,,,,,,0,
,,,,,,,,,,,
,,,,,,,,,,11,
,,,,,,,,,,,
3/2-3/8,,,,,,,,,,,
,Physical Health,Sunday,Monday,Tuesday,Wednesday,Thursday,Friday,Saturday,,,
,Cardio Work Outs x2 (1 HIIT workout),X,X,X,,X,,,,0,
,Strength Work Outs x2,,,,X,,,,1,1,
,Core Work Out x1 (Can be cardio focused core),,,,,,,,,0,
,No Zyns,X,X,X,X,X,,,,0,
,In bed by 11:15PM on weeknights,X,,X,X,X,X,,,0,
,Awake by 7:25AM or 7:45 on weekdays; depending on WFH,,1,X,X,X,X,,,1,
,,,,,,,,,,,
,Mental Health,,,,,,,,,,
,Meditate x7,X,X,X,X,X,1,X,,1,
,Gratitude Journal x7,X,X,X,X,X,X,X,,0,
,Ten Minutes Written Journaling x2 (Wednesday & Sunday),,,,,,,,2,2,
,Read 50 pages of non-fiction,,,,,,,X,,0,
,Read 1 chapter of a parenting book,X,,X,X,X,,,,0,
,Read 10 minutes every morning or evening,X,1,X,X,X,1,X,,2,
,Max 25 minutes of Instagram per day,X,X,X,X,X,X,X,,0,
,Set week specific goals on Monday,,X,,,,,,,0,
,Review strikes each night or in morning of following day,X,X,X,X,X,X,X,,0,
,,,,,,,,,,,
,Budgeting,,,,,,,,,0,
,"Buy breakfast, x1 per week",,,,,,,,,0,
,"Buy lunch max, x2 per weekdays",,,,,,,,,0,
,"Buy dinner max, x2 per weekdays",,,,,,,,,0,
,"Buy lunch max, x1 per weekend",X,,,,,,X,,0,
,"Buy dinner max, x1 per weekend",,,,,,X,,,0,
,Review expenses for 5 minutes at one point in the day,,X,X,X,X,X,X,,0,
,,,,,,,,,,,
,Work,,,,,,,,,,
,Begin active work by 9:30AM each day,,X,X,X,X,X,,,0,
,"Time block each day, intent to better plan day",,X,X,X,X,,,,0,
,Do 90 minutes of focused do not disturb work every workday OR,,X,X,X,X,X,,,0,
,Do 4 pomadoro time blocks each day,,,,,,,,,0,
,,,,,,,,,,,
,Monthly,,,,,,,,,,
,"Review financial health (expenses, savings)",,,,,,,,,0,
,Check-in with Chelsey on how she feels about us and what I can do as a partner,,,,,,,,,0,
,"Go to 1 networking event a month - either direct coffee, happy hour or speaker",,,,,,,,,0,
,2 'nice' planned date nights a month,,,,,,,,,,
,,,,,,,,,,,
,Cooking,,,,,,,,,,
,Cook 1 new meal a week,,,,,,,X,,0,
,Read 10 pages of cook book each week,,,,,,,,1,1,
,,,,,,,,,,,
,Other,,,,,,,,,,
,Keep strike count under 10,,,,,,,,,0,
,Collect all tax documents,,,,,,,,,0,
,,,,,,,,,1,1,
,,,,,,,,,,0,
,,,,,,,,,,,
,,,,,,,,,,9,
,,,,,,,,,,,
3/9-3/15,,,,,,,,,,,
,Physical Health,,,,,,,,,,
,Cardio Work Outs x2 (1 HIIT workout),,,,,,,,2,2,
,Strength Work Outs x2,X,,,,X,,,,0,
,Core Work Out x1 (Can be cardio focused core),X,X,X,X,X,1,1,,2,
,No Zyns,X,,,,,,,,0,
,In bed by 11:15PM on weeknights,1,,1,X,X,0,,,2,
,Awake by 7:25AM or 7:45 on weekdays; depending on WFH,,1,,X,X,1,,,2,
,,,,,,,,,,,
,Mental Health,,,,,,,,,,
,Meditate x7,X,X,X,X,X,1,1,,2,
,Gratitude Journal x7,X,X,X,X,X,X,X,,0,
,Ten Minutes Written Journaling x2 (Wednesday & Sunday),,,,,,,,2,2,
,Read 50 pages of non-fiction,,X,,,,,,,0,
,Read 1 chapter of a parenting book,,X,X,X,X,X,X,,0,
,Read 10 minutes every morning or evening,X,X,X,X,X,X,X,,0,
,Max 25 minutes of Instagram per day,X,X,X,X,X,X,X,,0,
,Set week specific goals on Monday,X,,,,,,,,0,
,Review strikes each night or in morning of following day,X,X,X,X,X,X,X,,0,
,,,,,,,,,,,
,Budgeting,,,,,,,,,0,
,"Buy breakfast, x1 per week",,,X,,,,,,0,
,"Buy lunch max, x2 per weekdays",,,,,,,,,0,
,"Buy dinner max, x2 per weekdays",,X,,,,X,,,0,
,"Buy lunch max, x1 per weekend",,,,,,,,,0,
,"Buy dinner max, x1 per weekend",,,,,,,,,0,
,Review expenses for 5 minutes at one point in the day,,X,X,X,X,X,,,0,
,,,,,,,,,,,
,Work,,,,,,,,,,
,Begin active work by 9:30AM each day,,X,X,X,X,1,,,1,
,"Time block each day, intent to better plan day",,X,X,X,X,X,,,0,
,Do 90 minutes of focused do not disturb work every workday OR,,,X,X,X,1,,,1,
,Do 4 pomadoro time blocks each day,,1,,,,,,,1,
,,,,,,,,,,,
,Monthly,,,,,,,,,,
,"Review financial health (expenses, savings)",,X,,,,,,,0,
,Check-in with Chelsey on how she feels about us and what I can do as a partner,,,,,,,,,0,
,"Go to 1 networking event a month - either direct coffee, happy hour or speaker",,,,,,,,,0,
,2 'nice' planned date nights a month,,,,,,,,,,
,,,,,,,,,,,
,Cooking,,,,,,,,,,
,Cook 1 new meal a week,,,,,,,,1,1,
,Read 10 pages of cook book each week,,,,,,,,1,1,
,,,,,,,,,,,
,Other,,,,,,,,,,
,Keep strike count under 10,,,,,,,,,0,
,Collect all tax documents,,,,,,,,1,1,
,,,,,,,,,,0,
,,,,,,,,,,0,
,,,,,,,,,,,
,,,,,,,,,,18,
,,,,,,,,,,,
3/16-3/22,,,,,,,,,,,
,Physical Health,,,,,,,,,,
,Cardio Work Outs x2 (1 HIIT workout),X,,,X,,X,,,0,
,Strength Work Outs x2,,X,X,,,,,,0,
,Core Work Out x1 (Can be cardio focused core),,,,,,,,,0,
,No Zyns,X,X,X,X,X,1,,,1,
,In bed by 11:15PM on weeknights,X,X,,X,X,X,,,0,
,Awake by 7:25AM or 7:45 on weekdays; depending on WFH,,X,1,X,1,,,,2,
,,,,,,,,,,,
,Mental Health,,,,,,,,,,
,Meditate x7,X,X,X,X,X,X,X,,0,
,Gratitude Journal x7,X,X,X,X,X,X,X,,0,
,Ten Minutes Written Journaling x2 (Wednesday & Sunday),,,,,,X,,1,1,
,Read 50 pages of non-fiction,,,,,,,,,0,
,Read 1 chapter of a parenting book,X,X,X,X,,,,,0,
,Read 10 minutes every morning or evening,X,X,X,X,X,X,X,,0,
,Max 25 minutes of Instagram per day,X,X,X,X,X,X,X,,0,
,Set week specific goals on Monday,,,,,,,,,0,
,Review strikes each night or in morning of following day,X,X,X,X,X,X,X,,0,
,,,,,,,,,,,
,Budgeting,,,,,,,,,0,
,"Buy breakfast, x1 per week",,,,,,,,,0,
,"Buy lunch max, x2 per weekdays",,,,,,,,,0,
,"Buy dinner max, x2 per weekdays",,,,,,,,,0,
,"Buy lunch max, x1 per weekend",,,,,,,X,,0,
,"Buy dinner max, x1 per weekend",,,,,,X,,,0,
,Review expenses for 5 minutes at one point in the day,X,X,X,X,X,X,X,,0,
,,,,,,,,,,,
,Work,,,,,,,,,,
,Begin active work by 9:30AM each day,,X,X,X,1,1,,,2,
,"Time block each day, intent to better plan day",,X,X,X,X,X,,,0,
,Do 90 minutes of focused do not disturb work every workday OR,,X,,,,X,,,0,
,Do 4 pomadoro time blocks each day,,,X,,,,,,0,
,,,,,,,,,,,
,Monthly,,,,,,,,,,
,"Review financial health (expenses, savings)",,,,,,,,,0,
,Check-in with Chelsey on how she feels about us and what I can do as a partner,,,,,,,,,0,
,"Go to 1 networking event a month - either direct coffee, happy hour or speaker",,,,,,,,,0,
,2 'nice' planned date nights a month,,,,,,,,,,
,,,,,,,,,,,
,Cooking,,,,,,,,,,
,Cook 1 new meal a week,,,,,,,,,0,
,Read 10 pages of cook book each week,,,,,,,,1,1,
,,,,,,,,,,,
,Other,,,,,,,,,,
,Keep strike count under 10,,,,,,,,,0,
,Collect all tax documents,,,,,,,,1,1,
,,,,,,,,,,0,
,,,,,,,,,,0,
,,,,,,,,,,,
,,,,,,,,,,8,
,,,,,,,,,,,
3/23-3/30,,,,,,,,,,,
,Physical Health,,,,,,,,,,
,Cardio Work Outs x2 (1 HIIT workout),X,,,,,,,1,1,
,Strength Work Outs x2,,,,X,,,,1,1,
,Core Work Out x1 (Can be cardio focused core),,,,,,,,1,1,
,No Zyns,X,,,,,,,2,2,
,In bed by 11:15PM on weeknights,X,,,,,,,,0,
,Awake by 7:25AM or 7:45 on weekdays; depending on WFH,X,1,,,,,,1,2,
,,,,,,,,,,,
,Mental Health,,,,,,,,,,
,Meditate x7,X,X,X,X,X,1,1,,2,
,Gratitude Journal x7,X,X,X,X,X,,,,0,
,Ten Minutes Written Journaling x2 (Wednesday & Sunday),,,,,,,,2,2,
,Read 50 pages of non-fiction,,,,,,,,,0,
,Read 1 chapter of a parenting book,X,,,,,,,,0,
,Read 10 minutes every morning or evening,X,X,X,X,X,,,,0,
,Max 25 minutes of Instagram per day,X,X,X,X,X,X,X,,0,
,Set week specific goals on Monday,,,,,,,,,0,
,Review strikes each night or in morning of following day,X,X,,,,,,,0,
,,,,,,,,,,,
,Budgeting,,,,,,,,,0,
,"Buy breakfast, x1 per week",,,,,,,,,0,
,"Buy lunch max, x2 per weekdays",,,,,,,,,0,
,"Buy dinner max, x2 per weekdays",,,,,,,,,0,
,"Buy lunch max, x1 per weekend",,,,,,,,,0,
,"Buy dinner max, x1 per weekend",,,,,,,,,0,
,Review expenses for 5 minutes at one point in the day,X,X,X,X,X,,,2,2,
,,,,,,,,,,,
,Work,,,,,,,,,,
,Begin active work by 9:30AM each day,,X,X,X,X,X,,,0,
,"Time block each day, intent to better plan day",,X,X,X,X,X,,,0,
,Do 90 minutes of focused do not disturb work every workday OR,,,,,,,,,0,
,Do 4 pomadoro time blocks each day,,,,,,,,,0,
,,,,,,,,,,,
,Monthly,,,,,,,,,,
,"Review financial health (expenses, savings)",,,,,,,,,0,
,Check-in with Chelsey on how she feels about us and what I can do as a partner,,,,,,,,,0,
,"Go to 1 networking event a month - either direct coffee, happy hour or speaker",,,,,,,,,0,
,2 'nice' planned date nights a month,,,,,,,,,,
,,,,,,,,,,,
,Cooking,,,,,,,,,,
,Cook 1 new meal a week,X,,,,,,,,0,
,Read 10 pages of cook book each week,,,,,,,,1,1,
,,,,,,,,,,,
,Other,,,,,,,,,,
,Keep strike count under 10,,,,,,,,,0,
,Collect all tax documents,,,,,,,,,0,
,,,,,,,,,1,1,
,,,,,,,,,,0,
,,,,,,,,,,,
,,,,,,,,,,15,
,,,,,,,,,,,
3/30 - 4/5,,,,,,,,,,,
,Physical Health,,,,,,,,,,
,Cardio Work Outs x2 (1 HIIT workout),,X,,,,,X,,0,
,Strength Work Outs x2,,,,,,X,,,0,
,Core Work Out x1 (Can be cardio focused core),,,,,,,,,0,
,No Zyns,,,,1,,,,,1,
,In bed by 11:15PM on weeknights,1,X,,X,,,,,1,
,Awake by 7:25AM or 7:45 on weekdays; depending on WFH,,X,X,X,1,1,,,2,
,,,,,,,,,,,
,Mental Health,,,,,,,,,,
,Meditate x7,1,X,X,1,X,X,X,,2,
,Gratitude Journal x7,,X,X,X,X,X,X,,0,
,Ten Minutes Written Journaling x2 (Wednesday & Sunday),,,,,,,X,1,1,
,Read 50 pages of non-fiction,,X,,,,,,,0,
,Read 1 chapter of a parenting book,,,,,,,,,0,
,Read 10 minutes every morning or evening,X,X,X,1,X,X,X,,1,
,Max 25 minutes of Instagram per day,X,X,X,X,X,X,X,,0,
,Set week specific goals on Monday,,,,,,,,,0,
,Review strikes each night or in morning of following day,,X,X,1,X,X,X,,1,
,,,,,,,,,,,
,Budgeting,,,,,X,,,,0,
,"Buy breakfast, x1 per week",,,,X,,,,,0,
,"Buy lunch max, x2 per weekdays",,X,,X,,,,,0,
,"Buy dinner max, x2 per weekdays",,,,,,,,,0,
,"Buy lunch max, x1 per weekend",,,,,,,,,0,
,"Buy dinner max, x1 per weekend",X,,,,,,,,0,
,Review expenses for 5 minutes at one point in the day,X,,X,X,X,X,X,,0,
,,,,,,,,,,,
,Work,,,,,,,,,,
,Begin active work by 9:30AM each day,,X,X,X,X,X,,,0,
,"Time block each day, intent to better plan day",,1,X,X,X,X,,,1,
,Do 90 minutes of focused do not disturb work every workday OR,,,,,X,X,,,0,
,Do 4 pomadoro time blocks each day,,X,X,X,,,,,0,
,,,,,,,,,,,
,Monthly,,,,,,,,,,
,"Review financial health (expenses, savings)",,,,,,,,,0,
,Check-in with Chelsey on how she feels about us and what I can do as a partner,,,,,,,,,0,
,"Go to 1 networking event a month - either direct coffee, happy hour or speaker",,,,,,,,,0,
,2 'nice' planned date nights a month,,,,,,,,,,
,,,,,,,,,,,
,Cooking,,,,,,,,,,
,Cook 1 new meal a week,,,,,,,X,,0,
,Read 10 pages of cook book each week,,,,,,,,1,1,
,,,,,,,,,,,
,Other,,,,,,,,,,
,Keep strike count under 10,,,,,,,,,0,
,Collect all tax documents,,,,,,,,,0,
,,,,,,,,,,0,
,,,,,,,,,,0,
,,,,,,,,,,,
,,,,,,,,,,11,
,,,,,,,,,,,
4/6 - 4/12,,,,,,,,,,,
,Physical Health,,,,,,,,,,
,Cardio Work Outs x2 (1 HIIT workout),,X,,,,,,1,1,
,Strength Work Outs x2,,,X,X,,,,,0,
,Core Work Out x1 (Can be cardio focused core),,X,,,,,,,0,
,No Zyns,,X,X,,,,,,0,
,In bed by 11:15PM on weeknights,X,X,X,X,,,,,0,
,Awake by 7:25AM or 7:45 on weekdays; depending on WFH,,,1,1,,,,,2,
,,,,,,,,,,,
,Mental Health,,,,,,,,,,
,Meditate x7,X,X,X,X,X,1,1,,2,
,Gratitude Journal x7,X,X,X,X,X,,,,0,
,Ten Minutes Written Journaling x2 (Wednesday & Sunday),,,,,,,,2,2,
,Read 50 pages of non-fiction,,,,,,,,,0,
,Read 1 chapter of a parenting book,,,,,,,,,0,
,Read 10 minutes every morning or evening,X,X,X,X,X,X,,,0,
,Max 25 minutes of Instagram per day,X,X,X,X,X,X,X,,0,
,Set week specific goals on Monday,,,,,,,,,0,
,Review strikes each night or in morning of following day,X,1,X,X,X,,,2,3,
,,,,,,,,,,,
,Budgeting,,,,,,,,,0,
,"Buy breakfast, x1 per week",,,X,,,,,,0,
,"Buy lunch max, x2 per weekdays",,,,,,,,,0,
,"Buy dinner max, x2 per weekdays",,,,,,,,,0,
,"Buy lunch max, x1 per weekend",,,,,,,,,0,
,"Buy dinner max, x1 per weekend",,,,,,,,,0,
,Review expenses for 5 minutes at one point in the day,X,X,X,X,X,X,X,,0,
,,,,,,,,,,,
,Work,,,,,,,,,,
,Begin active work by 9:30AM each day,,X,X,X,X,,,,0,
,"Time block each day, intent to better plan day",,X,X,X,X,,,,0,
,Do 90 minutes of focused do not disturb work every workday OR,,X,,,,,,,0,
,Do 4 pomadoro time blocks each day,,,X,,,,,,0,
,,,,,,,,,,,
,Monthly,,,,,,,,,,
,"Review financial health (expenses, savings)",,,,,,,,,0,
,Check-in with Chelsey on how she feels about us and what I can do as a partner,,,,,,,,,0,
,"Go to 1 networking event a month - either direct coffee, happy hour or speaker",,,,,,,,,0,
,2 'nice' planned date nights a month,,,,,,,,,,
,,,,,,,,,,,
,Cooking,,,,,,,,,,
,Cook 1 new meal a week,,,X,,,,,,0,
,Read 10 pages of cook book each week,,,,,,,,1,1,
,,,,,,,,,,,
,Other,,,,,,,,,,
,Keep strike count under 10,,,,,,,,,0,
,Collect all tax documents,,,,,,,,,0,
,,,,,,,,,,0,
,,,,,,,,,,0,
,,,,,,,,,,,
,,,,,,,,,,11,
,,,,,,,,,,,
4/13 - 4/19,,,,,,,,,,,
,Physical Health,,,,,,,,,,
,Cardio Work Outs x2 (1 HIIT workout),,,,,,X,,,0,
,Strength Work Outs x2,,,X,X,X,,,,0,
,Core Work Out x1 (Can be cardio focused core),,,,,,,,,0,
,No Zyns,X,X,X,X,X,1,1,,2,
,In bed by 11:15PM on weeknights,,X,X,X,X,,,,0,
,Awake by 7:25AM or 7:45 on weekdays; depending on WFH,,X,X,X,X,1,,,1,
,"Max 1 drinking per weeknight, 3 drink max",,X,,1,X,,,,1,
,Max 10 drinks per weekend ,,,,,,,1,,1,
,,,,,,,,,,,
,Mental Health,,,,,,,,,,
,Meditate x7,1,X,X,X,1,1,1,,4,
,Gratitude Journal x7,,X,X,X,X,,,,0,
,Ten Minutes Written Journaling x2 (Wednesday & Sunday),,,,,,,,2,2,
,Read 50 pages of non-fiction,,,,,,,,,0,
,Read 1 chapter of a parenting book,,,,,,,,,0,
,Read 10 minutes every morning or evening,X,X,X,X,X,,,,0,
,Max 25 minutes of Instagram per day,X,X,X,X,X,,,,0,
,Set week specific goals on Monday,,,,,,,,,0,
,Review strikes each night or in morning of following day,1,X,X,X,X,,,,1,
,,,,,,,,,,,
,Budgeting,,,,,,,,,0,
,"Buy breakfast, x1 per week",,,,,,,,,0,
,"Buy lunch max, x2 per weekdays",,X,,,,,,,0,
,"Buy dinner max, x2 per weekdays",,,X,X,1,,,,1,
,"Buy lunch max, x1 per weekend",,,,,,,,,0,
,"Buy dinner max, x1 per weekend",,,,,,X,,,0,
,Review expenses for 5 minutes at one point in the day,X,X,X,X,X,X,X,,0,
,,,,,,,,,,,
,Work,,,,,,,,,,
,Begin active work by 9:30AM each day,,,X,X,X,X,X,,0,
,"Time block each day, intent to better plan day",,,X,X,X,,,,0,
,Do 90 minutes of focused do not disturb work every workday OR,,,X,,X,,X,,0,
,Do 4 pomadoro time blocks each day,,,,X,,,,,0,
,,,,,,,,,,,
,Monthly,,,,,,,,,,
,"Review financial health (expenses, savings)",,,X,,,,,,0,
,Check-in with Chelsey on how she feels about us and what I can do as a partner,,,,,,,,,0,
,"Go to 1 networking event a month - either direct coffee, happy hour or speaker",,,,,,,,,0,
,2 'nice' planned date nights a month,,,,,,,,,,
,,,,,,,,,,,
,Cooking,,,,,,,,,,
,Cook 1 new meal a week,,,,,,,,,0,
,Read 10 pages of cook book each week,,,,,,,1,,1,
,,,,,,,,,,,
,Other,,,,,,,,,,
,Keep strike count under 10,,,,,,,,,0,
,No drinking Tuesday-Thursday,,,,,,,,,0,
,,,,,,,,,,0,
,,,,,,,,,,0,
,,,,,,,,,,,
,,,,,,,,,,14,
,,,,,,,,,,,
4/20 - 4/26,,,,,,,,,,,
,Physical Health,,,,X,,,,,,
,Cardio Work Outs x2 (1 HIIT workout),,,X,,X,,,,0,
,Strength Work Outs x2,,X,,,,,,,0,
,Core Work Out x1 (Can be cardio focused core),,,,,,,,,0,
,No Zyns,1,,,,,,1,,2,
,In bed by 11:15PM on weeknights,,,1,,,,,,1,
,Awake by 7:25AM or 7:45 on weekdays; depending on WFH,,1,1,1,X,1,,,4,
,"Max 1 drinking per weeknight, 3 drink max",,,X,1,,,,,1,
,Max 10 drinks per weekend ,,,,,,,1,,1,
,,,,,,,,,,,
,Mental Health,,,,,,,,,,
,Meditate x7,1,,X,X,1,1,1,,4,
,Gratitude Journal x7,X,X,X,X,X,X,,,0,
,Ten Minutes Written Journaling x2 (Wednesday & Sunday),,1,,,,,X,,1,
,Read 50 pages of non-fiction,,,,,,,,,0,
,Read 1 chapter of a parenting book,,,,,,,,,0,
,Read 10 minutes every morning or evening,X,X,X,X,X,X,X,,0,
,Max 25 minutes of Instagram per day,X,X,X,X,X,X,X,,0,
,Set week specific goals on Monday,,,,,,,,,0,
,Review strikes each night or in morning of following day,X,X,X,X,X,X,X,,0,
,,,,,,,,,,,
,Budgeting,,,,,,,,,0,
,"Buy breakfast, x1 per week",,,,,,,,,0,
,"Buy lunch max, x2 per weekdays",,,,X,X,,,,0,
,"Buy dinner max, x2 per weekdays",,,X,X,,,,,0,
,"Buy lunch max, x1 per weekend",,,,,,,,,0,
,"Buy dinner max, x1 per weekend",,,,,,,X,,0,
,Review expenses for 5 minutes at one point in the day,X,X,X,X,X,X,X,,0,
,,,,,,,,,,,
,Work,,,,,,,,,,
,Begin active work by 9:30AM each day,,1,,,,,,,1,
,"Time block each day, intent to better plan day",,X,,,,,,,0,
,Do 90 minutes of focused do not disturb work every workday OR,,,,,,,,,0,
,Do 4 pomadoro time blocks each day,,,,,,,,,0,
,,,,,,,,,,,
,Monthly,,,,,,,,,,
,"Review financial health (expenses, savings)",,X,,,,,,,0,
,Check-in with Chelsey on how she feels about us and what I can do as a partner,,,,,,,,,0,
,"Go to 1 networking event a month - either direct coffee, happy hour or speaker",,,,,,,,,0,
,2 'nice' planned date nights a month,,,,,,,,,,
,,,,,,,,,,,
,Cooking,,,,,,,,,,
,Cook 1 new meal a week,,,,,,,1,,1,
,Read 10 pages of cook book each week,,,,,,,1,,1,
,,,,,,,,,,,
,Other,,,,,,,,,,
,Keep strike count under 10,,,,,,,,,0,
,No drinking Tuesday-Thursday,,,,,,,,,0,
,,,,,,,,,,0,
,,,,,,,,,,0,
,,,,,,,,,,,
,,,,,,,,,,17,
4/27 - 5/3,,,,,,,,,,,
,Physical Health,,,,,,,,,,
,Cardio Work Outs x2 (1 HIIT workout),,,,,,X,,,0,
,Strength Work Outs x2,,,X,X,X,,,,0,
,Core Work Out x1 (Can be cardio focused core),,,,,,,,1,1,
,No Zyns,,,,,,,,,0,
,In bed by 11:15PM on weeknights,1,X,,,X,X,,,1,
,Awake by 7:25AM or 7:45 on weekdays; depending on WFH,,X,1,,X,X,,,1,
,"Max 1 drinking per weeknight, 3 drink max",,X,,,,,,,0,
,Max 10 drinks per weekend ,,,,,,,1,,1,
,,,,,,,,,,,
,Mental Health,,,,,,,,,,
,Meditate x7,1,1,X,X,X,1,1,,4,
,Gratitude Journal x7,X,X,X,X,X,X,X,,0,
,Ten Minutes Written Journaling x2 (Wednesday & Sunday),,,,,,,,1,1,
,Read 50 pages of non-fiction,,,,,,,,,0,
,Read 1 chapter of a parenting book,,,,,,,,,0,
,Read 10 minutes every morning or evening,X,X,X,X,X,X,X,,0,
,Max 25 minutes of Instagram per day,X,X,X,X,X,X,X,,0,
,Set week specific goals on Monday,,,,,,,,,0,
,Review strikes each night or in morning of following day,X,X,X,X,X,X,1,,1,
,,,,,,,,,,,
,Budgeting,,,,,,,,,0,
,"Buy breakfast, x1 per week",,,,,,X,,,0,
,"Buy lunch max, x2 per weekdays",,,X,,,,,,0,
,"Buy dinner max, x2 per weekdays",,X,,,,,,,0,
,"Buy lunch max, x1 per weekend",,,,,,,,,0,
,"Buy dinner max, x1 per weekend",,,,,,,X,,0,
,Review expenses for 5 minutes at one point in the day,X,X,X,X,X,X,1,,1,
,,,,,,,,,,,
,Work,,,,,,,,,,
,Begin active work by 9:30AM each day,,X,X,X,X,X,,,0,
,"Time block each day, intent to better plan day",,,X,X,X,X,X,,0,
,Do 90 minutes of focused do not disturb work every workday OR,,,,,,,,,0,
,Do 4 pomadoro time blocks each day,,,,,,,,,0,
,,,,,,,,,,,
,Monthly,,,,,,,,,,
,"Review financial health (expenses, savings)",,,,,,,,,0,
,Check-in with Chelsey on how she feels about us and what I can do as a partner,,,,,,,,,0,
,"Go to 1 networking event a month - either direct coffee, happy hour or speaker",,,,,,,,,0,
,2 'nice' planned date nights a month,,,,,,,,,,
,,,,,,,,,,,
,Cooking,,,,,,,,,,
,Cook 1 new meal a week,X,,,,,,,,0,
,Read 10 pages of cook book each week,,,,,,,,1,1,
,,,,,,,,,,,
,Other,,,,,,,,,,
,Keep strike count under 10,,,,,,,,,0,
,No drinking Tuesday-Thursday,,,,,,,,,0,
,,,,,,,,,,0,
,,,,,,,,,,0,
,,,,,,,,,,,
,,,,,,,,,,12,
,,,,,,,,,,,
5/4 - 5/10,,,,,,,,,,,
,Physical Health,,,,,,,,,,
,Cardio Work Outs x2 (1 HIIT workout),,,,,X,,,1,1,
,Strength Work Outs x2,,,X,X,,,,,0,
,Core Work Out x1 (Can be cardio focused core),,,,,,,,,0,
,No Zyns,,,,,,,1,,1,
,In bed by 11:15PM on weeknights,X,,X,X,,,,,0,
,Awake by 7:25AM or 7:45 on weekdays; depending on WFH,,X,1,1,X,X,,,2,
,"Max 1 drinking per weeknight, 3 drink max",,X,,,,,,,0,
,Max 10 drinks per weekend ,,,,,,,,1,1,
,,,,,,,,,,,
,Mental Health,,,,,,,,,,
,Meditate x7,1,X,X,X,X,1,1,,3,
,Gratitude Journal x7,X,X,X,X,X,,,,0,
,Ten Minutes Written Journaling x2 (Wednesday & Sunday),,,,,,,,2,2,
,Read 50 pages of non-fiction,,,,,,,,,0,
,Read 1 chapter of a parenting book,,,,,,,,,0,
,Read 10 minutes every morning or evening,X,X,X,X,X,X,X,,0,
,Max 25 minutes of Instagram per day,X,X,X,X,X,X,X,,0,
,Set week specific goals on Monday,,,,,,,,,0,
,Review strikes each night or in morning of following day,X,X,X,X,X,X,X,,0,
,,,,,,,,,,,
,Budgeting,,,,,,,,,0,
,"Buy breakfast, x1 per week",,,,,,,,,0,
,"Buy lunch max, x2 per weekdays",,X,,,,X,,,0,
,"Buy dinner max, x2 per weekdays",,,,,X,,,,0,
,"Buy lunch max, x1 per weekend",X,,,,,,,,0,
,"Buy dinner max, x1 per weekend",,,,,,,,,0,
,Review expenses for 5 minutes at one point in the day,X,X,X,X,X,X,1,,1,
,,,,,,,,,,,
,Work,,,,,,,,,,
,Begin active work by 9:30AM each day,,,X,X,X,1,,,1,
,"Time block each day, intent to better plan day",,,X,X,X,X,,,0,
,Do 90 minutes of focused do not disturb work every workday OR,,,X,,,,,,0,
,Do 4 pomadoro time blocks each day,,,,X,,,,,0,
,,,,,,,,,,,
,Monthly,,,,,,,,,,
,"Review financial health (expenses, savings)",,,,,,,,,0,
,Check-in with Chelsey on how she feels about us and what I can do as a partner,,,,,,,,,0,
,"Go to 1 networking event a month - either direct coffee, happy hour or speaker",,,,,,,,,0,
,2 'nice' planned date nights a month,,,,,,,,,,
,,,,,,,,,,,
,Cooking,,,,,,,,,,
,Cook 1 new meal a week,,,,,,,,1,1,
,Read 10 pages of cook book each week,,,,,,,,1,1,
,,,,,,,,,,,
,Other,,,,,,,,,,
,Keep strike count under 10,,,,,,,,,0,
,No drinking Tuesday-Thursday,,,,,,,,,0,
,,,,,,,,,,0,
,,,,,,,,,,0,
,,,,,,,,,,,
,,,,,,,,,,14,
5/11 - 5/17,,,,,,,,,,,
,,Sunday,Monday,Tuesday,Wednesday,Thursday,Friday,Saturday,,,
,Physical Health,,,,,,,,,,
,Cardio Work Outs x2 (1 HIIT workout),,X,,,,,,1,1,
,Strength Work Outs x2,,,,,X,,,1,1,
,Core Work Out x1 (Can be cardio focused core),,,,,,,,,0,
,No Zyns,,,,,,1,,,1,
,In bed by 11:15PM on weeknights,X,X,X,X,,,,,0,
,Awake by 7:25AM or 7:45 on weekdays; depending on WFH,,1,X,X,X,1,,,2,
,"Max 1 drinking per weeknight, 3 drink max",,,X,,,,,1,1,
,Max 10 drinks per weekend ,,,,,,,,,0,
,,,,,,,,,,,
,Mental Health,,,,,,,,,,
,Meditate x7,1,X,X,X,X,,,2,3,
,Gratitude Journal x7,X,X,X,X,X,,,,0,
,Ten Minutes Written Journaling x2 (Wednesday & Sunday),,,,,,,,2,2,
,Read 50 pages of non-fiction,,,,,,,,,0,
,Read 1 chapter of a parenting book,,,,,,,,,0,
,Read 10 minutes every morning or evening,X,X,X,1,,X,X,,1,
,Max 25 minutes of Instagram per day,,,,,,,,,0,
,Set week specific goals on Monday,,,,,,,,,0,
,Review strikes each night or in morning of following day,X,X,X,X,X,X,X,,0,
,,,,,,,,,,,
,Budgeting,,,,,,,,,0,
,"Buy breakfast, x1 per week",,,,,,,,,0,
,"Buy lunch max, x2 per weekdays",,,,,,,,,0,
,"Buy dinner max, x2 per weekdays",,X,,,,,,,0,
,"Buy lunch max, x1 per weekend",X,,,,,,,,0,
,"Buy dinner max, x1 per weekend",,,,,,X,,,0,
,Review expenses for 5 minutes at one point in the day,X,X,X,X,X,X,X,,0,
,,,,,,,,,,,
,Work,,,,,,,,,,
,Begin active work by 9:30AM each day,,X,X,X,X,X,,,0,
,"Time block each day, intent to better plan day",,X,,X,X,,,,0,
,Do 90 minutes of focused do not disturb work every workday OR,,,,,,1,,,1,
,Do 4 pomadoro time blocks each day,,,,1,,,,,1,
,,,,,,,,,,,
,Monthly,,,,,,,,,,
,"Review financial health (expenses, savings)",,,,,,,,,0,
,Check-in with Chelsey on how she feels about us and what I can do as a partner,,,,,,,,,0,
,"Go to 1 networking event a month - either direct coffee, happy hour or speaker",,,X,,,,,,0,
,2 'nice' planned date nights a month,,,,,,,,,,
,,,,,,,,,,,
,Cooking,,,,,,,,,,
,Cook 1 new meal a week,,,,X,,,,,0,
,Read 10 pages of cook book each week,,,,,,,,1,1,
,,,,,,,,,,,
,Other,,,,,,,,,,
,Keep strike count under 10,,,,,,,,,0,
,No drinking Tuesday-Thursday,,,,,,,,,0,
,,,,,,,,,,0,
,,,,,,,,,,0,
,,,,,,,,,,,
,,,,,,,,,,15,
,,,,,,,,,,,
5/18 - 5/24,,,,,,,,,,,
,,Sunday,Monday,Tuesday,Wednesday,Thursday,Friday,Saturday,,,
,Physical Health,,,,,,,,,,
,Cardio Work Outs x2 (1 HIIT workout),,,X,,,,X,,0,
,Strength Work Outs x2,,X,,X,X,,,,0,
,Core Work Out x1 (Can be cardio focused core),,,,,,,,,0,
,No Zyns,X,X,,,,1,,,1,
,In bed by 11:15PM on weeknights,X,X,X,X,X,X,,,0,
,Awake by 7:25AM or 7:45 on weekdays; depending on WFH,,X,X,X,X,X,,,0,
,"Max 1 drinking per weeknight, 3 drink max",,,,,,,,,0,
,Max 10 drinks per weekend ,,,,,,,,,0,
,,,,,,,,,,,
,Mental Health,,,,,,,,,,
,Meditate x7,X,X,X,X,X,1,X,,1,
,Gratitude Journal x7,X,X,X,X,X,X,X,,0,
,Ten Minutes Written Journaling x2 (Wednesday & Sunday),,,,,,,,2,2,
,Read 50 pages of non-fiction,,,,,,,,,0,
,Read 1 chapter of a parenting book,,,,,,,,,0,
,Read 10 minutes every morning or evening,X,X,X,X,X,X,X,,0,
,Max 15 minutes of Instagram per day,X,X,X,X,X,X,X,,0,
,Set week specific goals on Monday,,,,,,,,,0,
,Review strikes each night or in morning of following day,X,X,X,X,X,1,1,,2,
,,,,,,,,,,,
,Budgeting,,,,,,,,,0,
,"Buy breakfast, x1 per week",,,,,,,,,0,
,"Buy lunch max, x2 per weekdays",,,,,,,,,0,
,"Buy dinner max, x2 per weekdays",,,,,,,,,0,
,"Buy lunch max, x1 per weekend",,,,,,,,,0,
,"Buy dinner max, x1 per weekend",,,,,,,,,0,
,Review expenses for 5 minutes at one point in the day,X,X,X,X,X,X,X,,0,
,,,,,,,,,,,
,Work,,,,,,,,,,
,Begin active work by 9:30AM each day,,X,X,X,X,1,,,1,
,"Time block each day, intent to better plan day",,X,X,X,X,X,,,0,
,Do 90 minutes of focused do not disturb work every workday OR,,,,,,,,,0,
,Do 4 pomadoro time blocks each day,,X,X,X,X,1,,,1,
,,,,,,,,,,,
,Monthly,,,,,,,,,,
,"Review financial health (expenses, savings)",,,,,,,,,0,
,Check-in with Chelsey on how she feels about us and what I can do as a partner,,,,,,,,,0,
,"Go to 1 networking event a month - either direct coffee, happy hour or speaker",,,,,,,,,0,
,2 'nice' planned date nights a month,,,,,,,,,,
,,,,,,,,,,,
,Cooking,,,,,,,,,,
,Cook 1 new meal a week,,,,,,,,,0,
,Read 10 pages of cook book each week,,,,,,,,1,1,
,,,,,,,,,,,
,Other,,,,,,,,,,
,Keep strike count under 10,,,,,,,,,0,
,No drinking Tuesday-Thursday,,,,,,,,,0,
,,,,,,,,,,0,
,,,,,,,,,,0,
,,,,,,,,,,,
,,,,,,,,,,9,
,,,,,,,,,,,
5/25 - 5/31,,,,,,,,,,,
,,Sunday,Monday,Tuesday,Wednesday,Thursday,Friday,Saturday,,,
,Physical Health,,,,,,,,,,
,Cardio Work Outs x2 (1 HIIT workout),,X,,,,,X,injured,0,
,Strength Work Outs x2,,,,,X,,,,0,
,Core Work Out x1 (Can be cardio focused core),,,,,,,,,0,
,No Zyns,1,,1,,,,,,2,
,In bed by 11:15PM on weeknights,X,X,X,X,,,,,0,
,Awake by 7:25AM or 7:45 on weekdays; depending on WFH,,,X,X,,,,,0,
,"Max 1 drinking per weeknight, 3 drink max",,,1,,,,,,1,
,Max 10 drinks per weekend ,,,,,,,1,,1,
,,,,,,,,,,,
,Mental Health,,,,,,,,,,
,Meditate x7,X,X,X,X,X,1,1,,2,
,Gratitude Journal x7,X,X,X,X,X,X,X,,0,
,Ten Minutes Written Journaling x2 (Wednesday & Sunday),,,,,,X,,1,1,
,Read 50 pages of non-fiction,,,,,,,,,0,
,Read 1 chapter of a parenting book,,,,,,,,,0,
,Read 10 minutes every morning or evening,X,X,X,X,X,X,X,,0,
,Max 15 minutes of Instagram per day,X,X,X,X,X,X,X,,0,
,Set week specific goals on Monday,,,,,,,,,0,
,Review strikes each night or in morning of following day,1,X,X,X,,,,3,4,
,,,,,,,,,,,
,Budgeting,,,,,,,,,0,
,"Buy breakfast, x1 per week",,,,,,,,,0,
,"Buy lunch max, x2 per weekdays",,,,,,,,,0,
,"Buy dinner max, x2 per weekdays",,,X,,,,,,0,
,"Buy lunch max, x1 per weekend",,,,,,,,,0,
,"Buy dinner max, x1 per weekend",,,,,,,,,0,
,Review expenses for 5 minutes at one point in the day,X,1,X,X,X,X,X,,1,
,,,,,,,,,,,
,Work,,,,,,,,,,
,Begin active work by 9:30AM each day,,,1,X,X,X,,,1,
,"Time block each day, intent to better plan day",,,X,X,X,X,,,0,
,Do 90 minutes of focused do not disturb work every workday OR,,,,,,,,,0,
,Do 4 pomadoro time blocks each day,,,X,X,X,X,,,0,
,,,,,,,,,,,
,Monthly,,,,,,,,,,
,"Review financial health (expenses, savings)",,,,,,,,,0,
,Check-in with Chelsey on how she feels about us and what I can do as a partner,,,,,,,,,0,
,"Go to 1 networking event a month - either direct coffee, happy hour or speaker",,,,,,,,,0,
,2 'nice' planned date nights a month,,,,,,,,,,
,,,,,,,,,,,
,Cooking,,,,,,,,,,
,Cook 1 new meal a week,,,,,,,,,0,
,Read 10 pages of cook book each week,,,,,,,,1,1,
,,,,,,,,,,,
,Other,,,,,,,,,,
,Keep strike count under 10,,,,,,,,,0,
,No drinking Tuesday-Thursday,,,,,,,,,0,
,,,,,,,,,,0,
,,,,,,,,,,0,
,,,,,,,,,,,
,,,,,,,,,,14,
,,,,,,,,,,,
6/1 - 6/7,,,,,,,,,,,
,,Sunday,Monday,Tuesday,Wednesday,Thursday,Friday,Saturday,,,
,Physical Health,,,,,,,,,,
,Cardio Work Outs x2 (1 HIIT workout),,,X,X,,,,,0,
,Strength Work Outs x2,,,,,,,,,0,<back is still tweaked so focusing on cardio
,Core Work Out x1 (Can be cardio focused core),,,,,,,,,0,
,No Zyns,1,X,X,X,X,,,,1,
,In bed by 11:15PM on weeknights,,,,,,,,,0,
,Awake by 7:25AM or 7:45 on weekdays; depending on WFH,,,,,,,,,0,
,"Max 1 drinking per weeknight, 3 drink max",,,,,,,,,0,
,Max 10 drinks per weekend ,,,,,,,,,0,
,,,,,,,,,,,
,Mental Health,,,,,,,,,,
,Meditate x7,X,X,X,X,1,,,,1,
,Gratitude Journal x7,X,X,X,X,X,,,,0,
,Ten Minutes Written Journaling x2 (Wednesday & Sunday),,,,,,,,,0,
,Read 50 pages of non-fiction,,,,,,,,,0,
,Read 1 chapter of a parenting book,,,,,,,,,0,
,Read 10 minutes every morning or evening,,,,,,,,,0,
,Max 15 minutes of Instagram per day,X,X,X,X,,,,,0,
,Set week specific goals on Monday,,,,,,,,,0,
,Review strikes each night or in morning of following day,X,X,1,1,1,,,,3,
,,,,,,,,,,,
,Budgeting,,,,,,,,,0,
,"Buy breakfast, x1 per week",,,,,X,,,,0,
,"Buy lunch max, x2 per weekdays",,,,,,,,,0,
,"Buy dinner max, x2 per weekdays",,,,,X,,,,0,
,"Buy lunch max, x1 per weekend",,,,,,,,,0,
,"Buy dinner max, x1 per weekend",,,,,,,,,0,
,Review expenses for 5 minutes at one point in the day,X,X,X,X,X,,,,0,
,,,,,,,,,,,
,Work,,,,,,,,,,
,Begin active work by 9:30AM each day,,1,X,1,X,1,,,3,
,"Time block each day, intent to better plan day",,X,X,X,1,,,,1,< did do it in the afternoon so bit of a asterik
,Do 90 minutes of focused do not disturb work every workday OR,,,,,,,,,0,
,Do 4 pomadoro time blocks each day,,X,1,X,X,,,,1,
,,,,,,,,,,,
,Monthly,,,,,,,,,,
,"Review financial health (expenses, savings)",,,,,,,,,0,
,Check-in with Chelsey on how she feels about us and what I can do as a partner,,,,,,,,,0,
,"Go to 1 networking event a month - either direct coffee, happy hour or speaker",,,,,,,,,0,
,2 'nice' planned date nights a month,,,,,,,,,,
,,,,,,,,,,,
,Cooking,,,,,,,,,,
,Cook 1 new meal a week,,,,,,,,,0,
,Read 10 pages of cook book each week,,,,,,,,,0,
,,,,,,,,,,,
,Other,,,,,,,,,,
,Keep strike count under 10,,,,,,,,,0,
,No drinking Tuesday-Thursday,,,X,X,X,,,,0,
,,,,,,,,,,0,
,,,,,,,,,,0,
,,,,,,,,,,,
,,,,,,,,,,10,
,,,,,,,,,,,
,,,,,,,,,,,
Paternity leave break for June and July,,,,,,,,,,,
,,,,,,,,,,,
8/3 - 8/9,,,,,,,,,,,
,,Sunday,Monday,Tuesday,Wednesday,Thursday,Friday,Saturday,,,
,Physical Health,,,,,,,,,,
,Triathlon training x4 (One must be an open water swim),X,,X,X,,,,,0,GOT SICK
,10 Minute Stretching/Mobility ,,X,X,,,,,2,2,
,Core Work Out x1 (Can be cardio focused core),,,,,,,,,0,
,No Zyns,X,X,X,X,X,X,X,,0,
,In bed by 11:15PM on weeknights,,-,X,1,X,,,,1,
,No drinking,X,X,X,X,X,X,X,,,
,,,,,,,,,,,
,Mental Health,,,,,,,,,,
,Meditate x7,X,X,1,1,1,1,1,,5,
,Gratitude Journal x7,X,1,X,1,1,1,1,,5,
,Ten Minutes Written Journaling x2 (Wednesday & Sunday),,,,,,,,2,2,
,Read 50 pages of non-fiction,,,,,,,,,0,
,Read 1 chapter of a parenting book,,,,,,,,,0,
,Read 10 minutes every morning or evening,X,X,X,X,X,X,X,,0,
,Max 15 minutes of Instagram per day,X,X,X,X,X,X,X,,0,
,Set week specific goals on Monday,X,,,,,,,,0,
,Review strikes each night or in morning of following day,X,1,X,X,1,1,1,,4,
,,,,,,,,,,,
,Budgeting,,,,,,,,,0,
,"Buy breakfast, x1 per week",,,,,X,,,,0,
,"Buy lunch max, x2 per weekdays",,,,,,,,,0,
,"Buy dinner max, x2 per weekdays",,,,,,,,,0,
,"Buy lunch max, x1 per weekend",X,,,,,,,,0,
,"Buy dinner max, x1 per weekend",,,,,,,,,0,
,Review expenses for 5 minutes at one point in the day,X,X,X,X,1,1,,,2,
,,,,,,,,,,,
,Work,,,,,,,,,,
,Begin active work by 9:30AM each day,,X,X,X,X,1,,,1,
,"Time block each day, intent to better plan day",,X,1,X,X,1,,,2,
,Do 90 minutes of focused do not disturb work every workday OR,,,1,X,,,,,1,
,Do 4 pomadoro time blocks each day,,,,,,,,,0,
,"^Want to find a better way to do this, ideally want to have this be automated where my day 'free time' is set based on number of hours without meetings and an LLM determine how many pom's or fixed work times I should have and I confirm during 30 min planning stage",,,,,,,,,,
,"Do 15 minutes of AI training (read newsletter, experiment with a new tool, watch a video, etc.)",,X,X,X,X,X,,,,
,,,,,,,,,,,
,Monthly,,,,,,,,,,
,"Review financial health (expenses, savings)",,,,,,,,,0,
,Check-in with Chelsey on how she feels about us and what I can do as a partner,,,,,,,,,0,
,"Go to 1 networking event a month - either direct coffee, happy hour or speaker",,,,,,,,,0,
,2 'nice' planned date nights a month - with baby this can be just planned apartment activites that I take lead on,,,,,,,,,,
,,,,,,,,,,,
,Cooking,,,,,,,,,,
,Cook 1 new meal a week,,,,,,,,1,1,
,Read 10 pages of cook book each week,,,,,,,,1,1,
,,,,,,,,,,,
,Other,,,,,,,,,,
,Keep strike count under 10,,,,,,,,,0,
,Write baby gift thank you notes,,,,,,,,,0,
,"^Erich, Eamon, Mercers, Cleary's, Stu, Pat, Mom & Dad, Thackers, Alex W, and double check registry with Chels",,,,,,,,1,1,
,Return Amazon packages to Whole Foods,,,,,,,,,0,
,,,,,,,,,,,
,,,,,,,,,,28,
,,,,,,,,,,,
8/10 - 8/16,,,,,,,,,,,
,,Sunday,Monday,Tuesday,Wednesday,Thursday,Friday,Saturday,,,
,Physical Health,,,,,,,,,,
,Triathlon training x4 (One must be an open water swim),,X,,X,,X,,1,1,
,10 Minute Stretching/Mobility ,,,,,,,,,0,
,Core Work Out x1 (Can be cardio focused core),,,,,,,,,0,
,No Zyns,X,X,X,X,X,X,X,,0,
,In bed by 11:15PM on weeknights,X,X,X,1,X,,,,1,
,No drinking,X,X,X,X,X,X,X,,,
,,,,,,,,,,,
,Mental Health,,,,,,,,,,
,Meditate x7,1,1,X,1,1,1,1,,6,
,Gratitude Journal x7,X,X,X,X,X,X,1,,1,
,Ten Minutes Written Journaling x2 (Wednesday & Sunday),,,,,,X,1,,1,
,Read 50 pages of non-fiction,,,,,,,,,0,
,Read 1 chapter of a parenting book,,,,,,,,1,1,
,Read 10 minutes every morning or evening,X,X,X,1,X,X,,,1,
,Max 15 minutes of Instagram per day,X,X,X,X,X,X,X,,0,
,Set week specific goals on Monday,X,,,,,,,,0,
,Review strikes each night or in morning of following day,X,X,X,1,X,X,1,,2,
,,,,,,,,,,,
,Budgeting,,,,,,,,,0,
,"Buy breakfast, x1 per week",,,,,,,,,0,
,"Buy lunch max, x2 per weekdays",,,,X,,,,,0,
,"Buy dinner max, x2 per weekdays",,,,,,,,,0,
,"Buy lunch max, x1 per weekend",,,,,,,,,0,
,"Buy dinner max, x1 per weekend",,,,,,X,,,0,
,Review expenses for 5 minutes at one point in the day,1,X,X,X,X,X,1,,2,
,,,,,,,,,,,
,Work,,,,,,,,,,
,Begin active work by 9:30AM each day,,X,X,X,X,1,,,1,
,"Time block each day, intent to better plan day",,X,X,X,X,X,,,0,
,Do 90 minutes of focused do not disturb work every workday OR,,X,,,,X,,,0,
,Do 4 pomadoro time blocks each day,,,,1,X,,,,1,
,"^Want to find a better way to do this, ideally want to have this be automated where my day 'free time' is set based on number of hours without meetings and an LLM determine how many pom's or fixed work times I should have and I confirm during 30 min planning stage",,,,,,,,,,
,"Do 15 minutes of AI training (read newsletter, experiment with a new tool, watch a video, etc.)",X,X,X,X,X,X,1,,,
,,,,,,,,,,,
,Monthly,,,,,,,,,,
,"Review financial health (expenses, savings)",,,,,,,,,0,
,Check-in with Chelsey on how she feels about us and what I can do as a partner,,,,,,,,,0,
,"Go to 1 networking event a month - either direct coffee, happy hour or speaker",,,,,,,,,0,
,2 'nice' planned date nights a month - with baby this can be just planned apartment activites that I take lead on,,,,,,,,,,
,,,,,,,,,,,
,Cooking,,,,,,,,,,
,Cook 1 new meal a week,,,,,,,,,0,
,Read 10 pages of cook book each week,,,,,,,,1,1,
,,,,,,,,,,,
,Other,,,,,,,,,,
,Keep strike count under 10,,,,,,,,,0,
,Write baby gift thank you notes,,,,,,,,1,1,
,"^Erich, Eamon, Mercers, Cleary's, Stu, Pat, Mom & Dad, Thackers, Alex W, and double check registry with Chels",,,,,,,,,0,
,,,,,,,,,,,
,,,,,,,,,,,
,,,,,,,,,,20,
,,,,,,,,,,,
8/17 - 8/23,,,,,,,,,,,
,,Sunday,Monday,Tuesday,Wednesday,Thursday,Friday,Saturday,,,
,Physical Health,,,,,,,,,,
,Triathlon training x4 (One must be an open water swim),,,X,X,,X,X,,0,
,10 Minute Stretching/Mobility ,,,,,,,,1,1,
,Core Work Out x1 (Can be cardio focused core),,,,,,,,,0,
,No Zyns,X,X,X,X,X,X,X,,0,
,In bed by 11:15PM on weeknights,,X,X,X,X,X,X,,0,
,No drinking,X,X,X,X,X,X,X,,,
,,,,,,,,,,,
,Mental Health,,,,,,,,,,
,Meditate x7,X,1,1,1,1,1,1,,6,
,Gratitude Journal x7,1,X,X,X,X,,,,1,
,Ten Minutes Written Journaling x2 (Wednesday & Sunday),,,,,,,,2,2,
,Read 50 pages of non-fiction,,,,,,,,1,1,
,Read 1 chapter of a parenting book,,,,,,,,1,1,
,Read 10 minutes every morning or evening,X,X,X,X,X,X,X,,0,
,Max 15 minutes of Instagram per day,X,X,X,X,X,X,X,,0,
,Set week specific goals on Monday,X,,,,,X,X,,0,
,Review strikes each night or in morning of following day,X,X,X,X,1,1,1,,3,
,,,,,,,,,,,
,Budgeting,,,,,,,,,0,
,"Buy breakfast, x1 per week",,,,,X,,,,0,
,"Buy lunch max, x2 per weekdays",,,,,X,,,,0,
,"Buy dinner max, x2 per weekdays",,,,,X,,,,0,
,"Buy lunch max, x1 per weekend",,,,,,,,,0,
,"Buy dinner max, x1 per weekend",,,,,,1,,,1,
,Review expenses for 5 minutes at one point in the day,X,X,X,X,X,X,1,,1,
,,,,,,,,,,,
,Work,,,,,,,,,,
,Begin active work by 9:30AM each day,,X,1,X,X,X,,,1,
,"Time block each day, intent to better plan day",,X,X,X,X,X,,,0,
,Do 90 minutes of focused do not disturb work every workday OR,,,,,,,,,0,
,Do 4 pomadoro time blocks each day,,X,1,X,X,X,,,1,
,"^Want to find a better way to do this, ideally want to have this be automated where my day 'free time' is set based on number of hours without meetings and an LLM determine how many pom's or fixed work times I should have and I confirm during 30 min planning stage",,,,,,,,,,
,"Do 15 minutes of AI training (read newsletter, experiment with a new tool, watch a video, etc.)",X,X,X,X,1,X,1,,,
,,,,,,,,,,,
,Monthly,,,,,,,,,,
,"Review financial health (expenses, savings)",,,,,,,,,0,
,Check-in with Chelsey on how she feels about us and what I can do as a partner,,,,,,,,,0,
,"Go to 1 networking event a month - either direct coffee, happy hour or speaker",,,,,,,,,0,
,2 'nice' planned date nights a month - with baby this can be just planned apartment activites that I take lead on,,,,,,,,,,
,,,,,,,,,,,
,Cooking,,,,,,,,,,
,Cook 1 new meal a week,,,,,,,,1,1,
,Read 10 pages of cook book each week,,,,,,,,1,1,
,,,,,,,,,,,
,Other,,,,,,,,,,
,Keep strike count under 10,,,,,,,,,0,
,Write baby gift thank you notes,,,,,,,,1,1,
,"^Erich, Eamon, Mercers, Cleary's, Stu, Pat, Mom & Dad, Thackers, Alex W, and double check registry with Chels",,,,,,,,,0,
,,,,,,,,,,,
,,,,,,,,,,,
,,,,,,,,,,22,
,,,,,,,,,,,
8/24 - 8/30,,,,,,,,,,,
,,Sunday,Monday,Tuesday,Wednesday,Thursday,Friday,Saturday,,,
,Physical Health,,,,,,,,,,
,"2 Strength Training (Each session have 1 heavy, strength building and rest size)",,,,,,,,,0,
,2 Cardio Training ((1 swim),,,,,,,,,,
,10 Minute Stretching/Mobility ,,,,X,,,,,0,
,Core Work Out x1 (Can be cardio focused core),,,,,,,,,0,
,No Zyns,X,X,X,X,X,X,X,,0,
,In bed by 11:15PM on weeknights,X,1,,X,X,X,X,,1,
,No drinking,X,X,X,X,X,X,X,,,
,,,,,,,,,,,
,Mental Health,,,,,,,,,,
,Meditate x7,1,1,,X,1,1,1,,5,
,Gratitude Journal x7,X,X,X,1,1,1,1,,4,
,Ten Minutes Written Journaling x2 (Wednesday & Sunday),,X,,,,,,,0,
,Read 50 pages of non-fiction,,,,,,,,1,1,
,Read 1 chapter of a parenting book,,,,,,,,1,1,
,Read 10 minutes every morning or evening,X,X,,X,X,X,X,,0,
,Max 15 minutes of Instagram per day,X,X,,X,X,X,X,,0,
,Set week specific goals on Monday,,,,,,,,,0,
,Review strikes each night or in morning of following day,,X,X,1,X,1,1,,3,
,,,,,,,,,,,
,Budgeting,,,,,,,,,0,
,"Buy breakfast, x1 per week",,X,,,,,,,0,
,"Buy lunch max, x2 per weekdays",,,,X,,,,,0,
,"Buy dinner max, x2 per weekdays",,X,X,,,,,,0,
,"Buy lunch max, x1 per weekend",X,,,,,,,,0,
,"Buy dinner max, x1 per weekend",,,,,,,,,0,
,Review expenses for 5 minutes at one point in the day,1,,X,1,,,,,2,
,,,,,,,,,,,
,Work,,,,,,,,,,
,Begin active work by 9:30AM each day,,1,X,,X,1,,,2,
,"Time block each day, intent to better plan day",,X,X,,X,1,,,1,
,Do 90 minutes of focused do not disturb work every workday OR,,X,,,,1,,,1,
,Do 4 pomadoro time blocks each day,,,,,,,,,0,
,"^Want to find a better way to do this, ideally want to have this be automated where my day 'free time' is set based on number of hours without meetings and an LLM determine how many pom's or fixed work times I should have and I confirm during 30 min planning stage",,,,,,,,,,
,"Do 15 minutes of AI training (read newsletter, experiment with a new tool, watch a video, etc.)",,X,X,X,1,1,,,2,
,,,,,,,,,,,
,Monthly,,,,,,,,,,
,"Review financial health (expenses, savings)",,,,,,,,,0,
,Check-in with Chelsey on how she feels about us and what I can do as a partner,,,,,,,,,0,
,"Go to 1 networking event a month - either direct coffee, happy hour or speaker",,,,,,,,,0,
,2 'nice' planned date nights a month - with baby this can be just planned apartment activites that I take lead on,,,,,,,,,,
,,,,,,,,,,,
,Cooking,,,,,,,,,,
,Cook 1 new meal a week,,,,,,,,,0,
,Read 10 pages of cook book each week,,,,,,,,,0,
,,,,,,,,,,,
,Other,,,,,,,,,,
,Keep strike count under 10,,,,,,,,,0,
,Write baby gift thank you notes,,X,,,,,,,0,
,"^Cleary's, Mom & Dad, Thackers, Alex W, and double check registry with Chels",,,,,,,,,0,
,,,,,,,,,,,
,,,,,,,,,,,
,,,,,,,,,,23,
,,,,,,,,,,,
8/31 - 9/6,,,,,,,,,,,
,,Sunday,Monday,Tuesday,Wednesday,Thursday,Friday,Saturday,,,
,Physical Health,,,,,,,,,,
,"2 Strength Training (Each session have 1 heavy, strength building and rest size)",,,,,,,X,1,1,
,2 Cardio Training ((1 swim),,,,,,,,2,,
,10 Minute Stretching/Mobility ,,,,,,,,,0,
,Core Work Out x1 (Can be cardio focused core),,,,,,,,,0,
,No Zyns,1,1,X,1,X,,X,,3,
,In bed by 11:15PM on weeknights,,,X,X,X,,X,,0,
,No drinking,1,X,1,1,1,1,X,,,
,,,,,,,,,,,
,Mental Health,,,,,,,,,,
,Meditate x7,1,1,X,X,X,X,X,,2,
,Gratitude Journal x7,,X,X,X,X,X,X,,0,
,Ten Minutes Written Journaling x2 (Wednesday & Sunday),,,,,,,X,1,1,
,Read 50 pages of non-fiction,,,,,,,,1,1,
,Read 1 chapter of a parenting book,,,,,,,,,0,
,Read 10 minutes every morning or evening,X,X,X,X,X,X,X,,0,
,Max 15 minutes of Instagram per day,X,X,X,X,X,X,X,,0,
,Set week specific goals on Monday,,,,,,,,,0,
,Review strikes each night or in morning of following day,,X,X,X,X,X,X,,0,
,,,,,,,,,,,
,Budgeting,,,,,,,,,0,
,"Buy breakfast, x1 per week",,,,,,,,,0,
,"Buy lunch max, x2 per weekdays",,,,,,,,,0,
,"Buy dinner max, x2 per weekdays",,,,,,,,,0,
,"Buy lunch max, x1 per weekend",,,,,,,,,0,
,"Buy dinner max, x1 per weekend",,,,,,,,,0,
,Review expenses for 5 minutes at one point in the day,X,X,X,X,X,X,X,,0,
,,,,,,,,,,,
,Work,,,,,,,,,,
,Begin active work by 9:30AM each day,,,X,X,X,1,,,1,
,"Time block each day, intent to better plan day",,,X,,X,1,,,1,
,Do 90 minutes of focused do not disturb work every workday OR,,,X,X,,1,,,1,
,Do 4 pomadoro time blocks each day,,,,,,,,,0,
,"^Want to find a better way to do this, ideally want to have this be automated where my day 'free time' is set based on number of hours without meetings and an LLM determine how many pom's or fixed work times I should have and I confirm during 30 min planning stage",,,,,,,,,,
,"Do 15 minutes of AI training (read newsletter, experiment with a new tool, watch a video, etc.)",,X,X,X,X,1,1,,2,
,,,,,,,,,,,
,Monthly,,,,,,,,,,
,"Review financial health (expenses, savings)",,,,,,,,,0,
,Check-in with Chelsey on how she feels about us and what I can do as a partner,,,,,,,,,0,
,"Go to 1 networking event a month - either direct coffee, happy hour or speaker",,,,,,,,,0,
,2 'nice' planned date nights a month - with baby this can be just planned apartment activites that I take lead on,,,,,,,,,,
,,,,,,,,,,,
,Cooking,,,,,,,,,,
,Cook 1 new meal a week,,,,,,,,,0,
,Read 10 pages of cook book each week,,,,,,,,,0,
,,,,,,,,,,,
,Other,,,,,,,,,,
,Keep strike count under 10,,,,,,,,,0,
,Write baby gift thank you notes,,,,,,,,,0,
,"^Cleary's, Mom & Dad, Thackers, Alex W, and double check registry with Chels",,,,,,,,,0,
,,,,,,,,,,,
,,,,,,,,,,,
,,,,,,,,,,13,
,,,,,,,,,,,
9/7 - 9/13,,,,,,,,,,,
,,Sunday,Monday,Tuesday,Wednesday,Thursday,Friday,Saturday,,,
,Physical Health,,,,,,,,,,
,"2 Strength Training (Each session have 1 heavy, strength building and rest size)",,X,,X,,,,,0,
,2 Cardio Training ((1 swim),,,,,,,,2,,
,10 Minute Stretching/Mobility ,,,,,X,,,,0,
,Core Work Out x1 (Can be cardio focused core),,,,,,,,,0,
,No Zyns,X,X,X,X,X,1,,,1,
,In bed by 11:15PM on weeknights,1,X,X,1,X,,,,2,
,No drinking,X,X,X,X,X,1,,,,
,,,,,,,,,,,
,Mental Health,,,,,,,,,,
,Meditate x7,1,X,X,X,X,1,1,,3,
,Gratitude Journal x7,X,X,X,X,X,X,X,,0,
,Ten Minutes Written Journaling x2 (Wednesday & Sunday),,,,,,,X,1,1,
,Read 50 pages of non-fiction,,,,,,,,1,1,
,Read 1 chapter of a parenting book,,,,X,,,,,0,
,Read 10 minutes every morning or evening,X,X,X,X,X,,,,0,
,Max 15 minutes of Instagram per day,X,X,X,X,X,X,X,,0,
,Set week specific goals on Monday,,,,,,,,,0,
,Review strikes each night or in morning of following day,,X,X,X,X,X,1,,1,
,,,,,,,,,,,
,Budgeting,,,,,,,,,0,
,"Buy breakfast, x1 per week",,,,,,,,,0,
,"Buy lunch max, x2 per weekdays",,,,,,,,,0,
,"Buy dinner max, x2 per weekdays",,,,,X,,,,0,
,"Buy lunch max, x1 per weekend",,,,,,,X,,0,
,"Buy dinner max, x1 per weekend",,,,,,X,,,0,
,Review expenses for 5 minutes at one point in the day,X,X,X,1,X,X,X,,1,
,,,,,,,,,,,
,Work,,,,,,,,,,
,Begin active work by 9:30AM each day,,X,X,X,X,X,,,0,
,"Time block each day, intent to better plan day",,X,X,X,X,X,,,0,
,Do 90 minutes of focused do not disturb work every workday OR,,1,X,X,X,1,,,2,
,Do 4 pomadoro time blocks each day,,,,,,,,,0,
,"^Want to find a better way to do this, ideally want to have this be automated where my day 'free time' is set based on number of hours without meetings and an LLM determine how many pom's or fixed work times I should have and I confirm during 30 min planning stage",,,,,,,,,,
,"Do 15 minutes of AI training (read newsletter, experiment with a new tool, watch a video, etc.)",,1,X,X,X,1,,,2,
,,,,,,,,,,,
,Monthly,,,,,,,,,,
,"Review financial health (expenses, savings)",,,,,,,,,0,
,Check-in with Chelsey on how she feels about us and what I can do as a partner,,,,,,,,,0,
,"Go to 1 networking event a month - either direct coffee, happy hour or speaker",,,,,,,,,0,
,2 'nice' planned date nights a month - with baby this can be just planned apartment activites that I take lead on,,,,,,,,,,
,,,,,,,,,,,
,Cooking,,,,,,,,,,
,Cook 1 new meal a week,,,,,,,,,0,
,Read 10 pages of cook book each week,,,,,,,,,0,
,,,,,,,,,,,
,Other,,,,,,,,,,
,Keep strike count under 10,,,,,,,,,0,
,Write baby gift thank you notes,,,,,,,,,0,
,"^Cleary's, Mom & Dad, Thackers, Alex W, and double check registry with Chels",,,,,,,,1,1,
,,,,,,,,,,,
,,,,,,,,,,,
,,,,,,,,,,15,
,,,,,,,,,,,
9/7 - 9/13,,,,,,,,,,,
,,Sunday,Monday,Tuesday,Wednesday,Thursday,Friday,Saturday,,,
,Physical Health,,,,,,,,,,
,"2 Strength Training (Each session have 1 heavy, strength building and rest size)",,X,,X,,,,,0,
,2 Cardio Training ((1 swim),,,X,,,,,1,,
,10 Minute Stretching/Mobility ,,,,,,,,,0,
,Core Work Out x1 (Can be cardio focused core),,,,,,,,,0,
,No Zyns,X,X,X,X,X,1,,,1,
,In bed by 11:15PM on weeknights,X,X,X,X,,,,,0,
,No drinking,X,X,X,X,1,1,1,,3,
,,,,,,,,,,,
,Mental Health,,,,,,,,,,
,Meditate x7,1,X,X,X,1,1,1,,4,
,Gratitude Journal x7,X,X,X,X,,,,,0,
,Ten Minutes Written Journaling x2 (Wednesday & Sunday),,X,,,,,,1,1,
,Read 50 pages of non-fiction OR 2 chapters of an audiobook,,,,,,,,1,1,
,Read 1 chapter of a parenting book,,,,,,,,1,1,
,Read 10 minutes every morning or evening,X,X,X,X,X,X,X,,0,
,Max 15 minutes of Instagram per day,X,X,X,X,X,X,X,,0,
,Set week specific goals on Monday,,X,,,,,,,0,
,Review strikes each night or in morning of following day,X,X,X,X,X,1,1,,2,
,,,,,,,,,,,
,Budgeting,,,,,,,,,0,
,"Buy breakfast, x1 per week",,,,,,,,,0,
,"Buy lunch max, x2 per weekdays",,,,,,,,,0,
,"Buy dinner max, x2 per weekdays",,X,,,,,,,0,
,"Buy lunch max, x1 per weekend",,,,,,,,,0,
,"Buy dinner max, x1 per weekend",,,,,,,,,0,
,Review expenses for 5 minutes at one point in the day,X,X,X,X,1,1,1,,3,
,,,,,,,,,,,
,Work,,,,,,,,,,
,Begin active work by 9:30AM each day,,X,X,X,,X,,,0,
,"Time block each day, intent to better plan day",,X,X,X,,X,,,0,
,Do 90 minutes of focused do not disturb work every workday OR,,,,,,,,,0,
,Do 4 pomadoro time blocks each day,,X,1,X,,X,,,1,
,"^Want to find a better way to do this, ideally want to have this be automated where my day 'free time' is set based on number of hours without meetings and an LLM determine how many pom's or fixed work times I should have and I confirm during 30 min planning stage",,,,,,,,,,
,"Do 15 minutes of AI training (read newsletter, experiment with a new tool, watch a video, etc.)",1,,X,X,X,1,1,,3,
,,,,,,,,,,,
,Monthly,,,,,,,,,,
,"Review financial health (expenses, savings)",,,,,,,,,0,
,Check-in with Chelsey on how she feels about us and what I can do as a partner,,,,,,,,,0,
,"Go to 1 networking event a month - either direct coffee, happy hour or speaker",,,,,,,,,0,
,2 'nice' planned date nights a month - with baby this can be just planned apartment activites that I take lead on,,,,,,,,,,
,,,,,,,,,,,
,Cooking,,,,,,,,,,
,Cook 1 new meal a week,,,,,,,,,0,
,Read 10 pages of cook book each week,,,,,,,,,0,
,,,,,,,,,,,
,Other,,,,,,,,,,
,Keep strike count under 10,,,,,,,,,0,
,Write baby gift thank you notes,,,,,,,,1,1,
,"^Cleary's, Mom & Dad, Thackers, Alex W, and double check registry with Chels",,,,,,,,,0,
,,,,,,,,,,,
,,,,,,,,,,,
,,,,,,,,,,21,
,,,,,,,,,,,
9/21- 9/27,,,,,,,,,,,
,,Sunday,Monday,Tuesday,Wednesday,Thursday,Friday,Saturday,,,
,Physical Health,,,,,,,,,,
,"2 Strength Training (Each session have 1 heavy, strength building and rest size)",,,,X,,,,1,1,
,2 Cardio Training ((1 swim),,,,,X,,,1,,
,10 Minute Stretching/Mobility ,,,,,,,,,0,
,Core Work Out x1 (Can be cardio focused core),,,,,,,,,0,
,No Zyns,X,X,X,X,X,X,X,,0,
,In bed by 11:15PM on weeknights,X,,X,X,X,,,,0,
,No drinking,X,X,X,X,1,1,1,,3,
,,,,,,,,,,,
,Mental Health,,,,,,,,,,
,Meditate x7,1,1,X,X,1,X,X,,3,
,Gratitude Journal x7,X,X,X,X,X,X,X,,0,
,Ten Minutes Written Journaling x2 (Wednesday & Sunday),,,,,,X,X,,0,
,Read 50 pages of non-fiction OR 2 chapters of an audiobook,,,,,,,X,,0,
,Read 1 chapter of a parenting book,,,,,,,,1,1,
,Read 10 minutes every morning or evening,X,X,X,X,X,X,X,,0,
,Max 15 minutes of Instagram per day,X,X,X,X,X,X,X,,0,
,Set week specific goals on Monday,,,,,,,,,0,
,Review strikes each night or in morning of following day,,X,X,X,X,X,X,,0,
,,,,,,,,,,,
,Budgeting,,,,,,,,,0,
,"Buy breakfast, x1 per week",,,X,,,,,,0,
,"Buy lunch max, x2 per weekdays",,,X,,,,,,0,
,"Buy dinner max, x2 per weekdays",,,,X,,,,,0,
,"Buy lunch max, x1 per weekend",,,,,,,X,,0,
,"Buy dinner max, x1 per weekend",,,,,,X,,,0,
,Review expenses for 5 minutes at one point in the day,1,1,X,X,X,X,X,,2,
,,,,,,,,,,,
,Work,,,,,,,,,,
,Begin active work by 9:30AM each day,,X,X,X,,X,,,0,
,"Time block each day, intent to better plan day",,X,X,X,,X,,,0,
,Do 90 minutes of focused do not disturb work every workday OR,,,,,,,,,0,
,Do 4 pomadoro time blocks each day,,1,X,X,,X,,,1,
,"^Want to find a better way to do this, ideally want to have this be automated where my day 'free time' is set based on number of hours without meetings and an LLM determine how many pom's or fixed work times I should have and I confirm during 30 min planning stage",,,,,,,,,,
,"Do 15 minutes of AI training (read newsletter, experiment with a new tool, watch a video, etc.)",,X,X,X,X,X,,,0,
,,,,,,,,,,,
,Monthly,,,,,,,,,,
,"Review financial health (expenses, savings)",,,,,,,,,0,
,Check-in with Chelsey on how she feels about us and what I can do as a partner,,,,,,,,,0,
,"Go to 1 networking event a month - either direct coffee, happy hour or speaker",,,,,X,,,,0,
,2 'nice' planned date nights a month - with baby this can be just planned apartment activites that I take lead on,,,,,,,X,,,
,,,,,,,,,,,
,Cooking,,,,,,,,,,
,Cook 1 new meal a week,,,,,,,,1,1,
,Read 10 pages of cook book each week,,,,,,,,,0,
,,,,,,,,,,,
,Other,,,,,,,,,,
,Keep strike count under 10,,,,,,,,,0,
,Write baby gift thank you notes,,,,,,,,1,1,
,"^Cleary's, Mom & Dad, Thackers, Alex W, and double check registry with Chels",,,,,,,,,0,
,,,,,,,,,,,
,,,,,,,,,,,
,,,,,,,,,,13,
,,,,,,,,,,,
9/29- 10/04,,,,,,,,,,,
,,Sunday,Monday,Tuesday,Wednesday,Thursday,Friday,Saturday,,,
,Physical Health,,,,,,,,,,
,"2 Strength Training (Each session have 1 heavy, strength building and rest size)",X,,X,X,,,,,0,
,2 Cardio Training ((1 swim),,,,,,,,2,2,
,10 Minute Stretching/Mobility ,,,,,,,,,0,
,Core Work Out x1 (Can be cardio focused core),,,,,,,,,0,
,No Zyns,X,X,X,X,X,X,X,,0,
,In bed by 11:15PM on weeknights,X,X,X,X,,,,,0,
,No drinking,X,X,X,X,X,1,1,,2,
,,,,,,,,,,,
,Mental Health,,,,,,,,,,
,Meditate x7,X,X,X,X,X,1,1,,2,
,Gratitude Journal x7,X,X,X,X,X,X,X,,0,
,Ten Minutes Written Journaling x2 (Wednesday & Sunday),,X,,,,,,1,1,
,Read 50 pages of non-fiction OR 2 chapters of an audiobook,,,,,,,,X,0,
,Read 1 chapter of a parenting book,,,,,,,,1,1,
,Read 10 minutes every morning or evening,X,X,X,X,X,X,X,,0,
,Max 15 minutes of Instagram per day,X,X,X,X,X,X,X,,0,
,Set week specific goals on Monday,,,,,,,,,0,
,Review strikes each night or in morning of following day,,X,X,X,X,X,1,,1,
,,,,,,,,,,,
,Budgeting,,,,,,,,,0,
,"Buy breakfast, x1 per week",,,,,,,,,0,
,"Buy lunch max, x2 per weekdays",,X,,,,,,,0,
,"Buy dinner max, x2 per weekdays",,,,,,,,,0,
,"Buy lunch max, x1 per weekend",,,,,,,,,0,
,"Buy dinner max, x1 per weekend",,,,,,,,,0,
,Review expenses for 5 minutes at one point in the day,X,X,X,X,X,1,1,,2,
,,,,,,,,,,,
,Work,,,,,,,,,,
,Begin active work by 9:30AM each day,,X,X,X,X,X,,,0,
,"Time block each day, intent to better plan day",,X,X,X,X,X,,,0,
,Do 90 minutes of focused do not disturb work every workday OR,,,,,X,1,,,1,
,Do 4 pomadoro time blocks each day,,X,X,,,,,,0,
,"^Want to find a better way to do this, ideally want to have this be automated where my day 'free time' is set based on number of hours without meetings and an LLM determine how many pom's or fixed work times I should have and I confirm during 30 min planning stage",,,,,,,,,,
,"Do 15 minutes of AI training (read newsletter, experiment with a new tool, watch a video, etc.)",,,X,X,X,1,,,1,
,,,,,,,,,,,
,Monthly,,,,,,,,,,
,"Review financial health (expenses, savings)",,,,,,,,,0,
,Check-in with Chelsey on how she feels about us and what I can do as a partner,,,,,,,,,0,
,"Go to 1 networking event a month - either direct coffee, happy hour or speaker",,,,,,,,,0,
,2 'nice' planned date nights a month - with baby this can be just planned apartment activites that I take lead on,,,,,,,,,,
,,,,,,,,,,,
,Cooking,,,,,,,,,,
,Cook 1 new meal a week,,X,,,,,,,0,
,Read 10 pages of cook book each week,,,,,,,,,0,
,,,,,,,,,,,
,Other,,,,,,,,,,
,Keep strike count under 10,,,,,,,,,0,
,Write baby gift thank you notes,,,,,,,,1,1,
,"^Cleary's, Mom & Dad, Thackers, Alex W, and double check registry with Chels",,,,,,,,,0,
,,,,,,,,,,,
,,,,,,,,,,,
,,,,,,,,,,14,
,,,,,,,,,,,
10/05- 10/12,,,,,,,,,,,
,,Sunday,Monday,Tuesday,Wednesday,Thursday,Friday,Saturday,,,
,Physical Health,,,,,,,,,,
,"2 Strength Training (Each session have 1 heavy, strength building and rest size)",,,X,X,,,,,0,
,2 Cardio Training ((1 swim),,,,,,,,2,2,
,10 Minute Stretching/Mobility ,,,,,,,,,0,
,Core Work Out x1 (Can be cardio focused core),,,,,,,,,0,
,No Zyns,X,X,X,X,X,X,X,,0,
,In bed by 11:15PM on weeknights,X,X,X,X,X,,,,0,
,No drinking,1,X,X,X,X,1,1,,3,
,,,,,,,,,,,
,Mental Health,,,,,,,,,,
,Meditate x7,1,X,-,X,X,X,X,,1,
,Gratitude Journal x7,,X,X,X,X,X,X,,0,
,Ten Minutes Written Journaling x2 (Wednesday & Sunday),,,,,,X,X,,0,
,Read 50 pages of non-fiction OR 2 chapters of an audiobook,,,,,,,,,0,
,Read 1 chapter of a parenting book,,,,,,,,1,1,
,Read 10 minutes every morning or evening,X,X,X,X,X,X,X,,0,
,Max 15 minutes of Instagram per day,X,X,X,X,X,X,X,,0,
,Set week specific goals on Monday,,,,,,,,,0,
,Review strikes each night or in morning of following day,,X,X,X,X,X,X,,0,
,,,,,,,,,,,
,Budgeting,,,,,,,,,0,
,"Buy breakfast, x1 per week",,,,,,,,,0,
,"Buy lunch max, x2 per weekdays",,X,X,1,1,,X,,2,
,"Buy dinner max, x2 per weekdays",,,,X,,,,,0,
,"Buy lunch max, x1 per weekend",,,,,,,,,0,
,"Buy dinner max, x1 per weekend",,,,,,X,,,0,
,Review expenses for 5 minutes at one point in the day,1,1,X,X,X,X,X,,2,
,,,,,,,,,,,
,Work,,,,,,,,,,
,Begin active work by 9:30AM each day,,,X,X,X,X,,,0,
,"Time block each day, intent to better plan day",,,X,X,X,X,,,0,
,Do 90 minutes of focused do not disturb work every workday OR,,,,,,X,,,0,
,Do 4 pomadoro time blocks each day,,,X,X,X,,,,0,
,"^Want to find a better way to do this, ideally want to have this be automated where my day 'free time' is set based on number of hours without meetings and an LLM determine how many pom's or fixed work times I should have and I confirm during 30 min planning stage",,,,,,,,,,
,"Do 15 minutes of AI training (read newsletter, experiment with a new tool, watch a video, etc.)",,1,X,X,X,X,,,1,
,,,,,,,,,,,
,Monthly,,,,,,,,,,
,"Review financial health (expenses, savings)",,,,,,,,,0,
,Check-in with Chelsey on how she feels about us and what I can do as a partner,,,,,,,,,0,
,"Go to 1 networking event a month - either direct coffee, happy hour or speaker",,,,,,,,,0,
,2 'nice' planned date nights a month - with baby this can be just planned apartment activites that I take lead on,,,,,,,,,,
,,,,,,,,,,,
,Cooking,,,,,,,,,,
,Cook 1 new meal a week,,,,,,,X,,0,
,Read 10 pages of cook book each week,,,,,,,,,0,
,,,,,,,,,,,
,Other,,,,,,,,,,
,Keep strike count under 10,,,,,,,,,0,
,Write baby gift thank you notes,,,,,,,,1,1,
,"^Cleary's, Mom & Dad, Thackers, Alex W, and double check registry with Chels",,,,,,,,,0,
,,,,,,,,,,,
,,,,,,,,,,,
,,,,,,,,,,13,
,,,,,,,,,,,
10/11- 10/18,,,,,,,,,,,
,,Sunday,Monday,Tuesday,Wednesday,Thursday,Friday,Saturday,,,
,Physical Health,,,,,,,,,,
,"2 Strength Training (Each session have 1 heavy, strength building and rest size)",,X,,,X,X,,,,
,2 Cardio Training ((1 swim),,,,,,,X,1,1,
,10 Minute Stretching/Mobility ,,,,,,,X,,0,
,Core Work Out x1 (Can be cardio focused core),,,,,,,,,0,
,No Zyns,X,X,X,X,X,X,X,,0,
,In bed by 11:15PM on weeknights,X,X,X,1,X,X,X,,1,
,No drinking,X,X,X,1,1,1,X,,3,
,,,,,,,,,,,
,Mental Health,,,,,,,,,,
,Meditate x7,X,1,X,X,X,X,X,,1,
,Gratitude Journal x7,X,X,X,X,X,X,X,,0,
,Ten Minutes Written Journaling x2 (Wednesday & Sunday),X,X,,,,,,,0,
,Read 50 pages of non-fiction OR 2 chapters of an audiobook,,,,,,,,,0,
,Read 1 chapter of a parenting book,,,,,,,,1,1,
,Read 10 minutes every morning or evening,X,X,X,X,X,X,X,,0,
,Max 15 minutes of Instagram per day,X,X,X,X,X,X,X,,0,
,Set week specific goals on Monday,,,,,,,,,0,
,Review strikes each night or in morning of following day,,X,X,X,X,X,X,,0,
,,,,,,,,,,,
,Budgeting,,,,,,,,,0,
,"Buy breakfast, x1 per week",,,X,,,,,,0,
,"Buy lunch max, x2 per weekdays",,,,X,X,,,,0,
,"Buy dinner max, x2 per weekdays",,,,,,,,,0,
,"Buy lunch max, x1 per weekend",,,,,,,,,0,
,"Buy dinner max, x1 per weekend",,,,,,,,,0,
,Review expenses for 5 minutes at one point in the day,X,X,X,X,X,X,X,,0,
,,,,,,,,,,,
,Work,,,,,,,,,,
,Begin active work by 9:30AM each day,,1,,X,X,X,,,1,
,"Time block each day, intent to better plan day",,X,X,X,X,X,,,0,
,Do 90 minutes of focused do not disturb work every workday OR,,,,1,,,,,1,
,Do 4 pomadoro time blocks each day,,,X,,,1,,,1,
,"^Want to find a better way to do this, ideally want to have this be automated where my day 'free time' is set based on number of hours without meetings and an LLM determine how many pom's or fixed work times I should have and I confirm during 30 min planning stage",,,,,,,,,,
,"Do 15 minutes of AI training (read newsletter, experiment with a new tool, watch a video, etc.)",,X,X,X,X,1,,,1,
,,,,,,,,,,,
,Monthly,,,,,,,,,,
,"Review financial health (expenses, savings)",,,,,,,,,0,
,Check-in with Chelsey on how she feels about us and what I can do as a partner,,,,,,,,,0,
,"Go to 1 networking event a month - either direct coffee, happy hour or speaker",,,,,,,,,0,
,2 'nice' planned date nights a month - with baby this can be just planned apartment activites that I take lead on,,,,,X,,,,,
,,,,,,,,,,,
,Cooking,,,,,,,,,,
,Cook 1 new meal a week,,,,,,,,1,1,
,Read 10 pages of cook book each week,,,,,,,,,0,
,,,,,,,,,,,
,Other,,,,,,,,,,
,Keep strike count under 10,,,,,,,,,0,
,Write baby gift thank you notes,,,,,,,,,0,
,"^Cleary's, Mom & Dad, Thackers, Alex W, and double check registry with Chels",,,,,,,,,0,
,,,,,,,,,,,
,,,,,,,,,,,
,,,,,,,,,,12,
,,,,,,,,,,,
10/19- 10/25,,,,,,,,,,,
,,Sunday,Monday,Tuesday,Wednesday,Thursday,Friday,Saturday,,,
,Physical Health,,,,,,,,,,
,"2 Strength Training (Each session have 1 heavy, strength building and rest size)",,X,,,X,,,,0,
,2 Cardio Training ((1 swim),,,,X,,,,1,1,
,10 Minute Stretching/Mobility ,,,,,,,X,,0,
,Core Work Out x1 (Can be cardio focused core),,,,,,,,,0,
,No Zyns,X,X,X,X,X,X,X,,0,
,In bed by 11:15PM on weeknights,1,X,X,1,X,-,-,,2,
,No drinking,X,X,X,X,X,1,X,,1,
,,,,,,,,,,,
,Mental Health,,,,,,,,,,
,Meditate x7,1,X,X,X,X,X,1,,2,
,Gratitude Journal x7,X,X,X,X,X,X,X,,0,
,Ten Minutes Written Journaling x2 (Wednesday & Sunday),,,X,,,,,1,1,
,Read 50 pages of non-fiction OR 2 chapters of an audiobook,,,,,,,,,0,
,Read 1 chapter of a parenting book,,,,,,,,1,1,
,Read 10 minutes every morning or evening,X,X,X,X,X,X,X,,0,
,Max 15 minutes of Instagram per day,X,X,X,X,X,X,X,,0,
,Set week specific goals on Monday,,,,,,,,,0,
,Review strikes each night or in morning of following day,,X,X,X,X,X,X,,0,
,,,,,,,,,,,
,Budgeting,,,,,,,,,0,
,"Buy breakfast, x1 per week",,,,X,,,,,0,
,"Buy lunch max, x2 per weekdays",,,,,,,,,0,
,"Buy dinner max, x2 per weekdays",,X,,,X,,,,0,
,"Buy lunch max, x1 per weekend",,,,,,,X,,0,
,"Buy dinner max, x1 per weekend",,,,,,X,,,0,
,Review expenses for 5 minutes at one point in the day,1,X,X,X,X,X,1,,2,
,,,,,,,,,,,
,Work,,,,,,,,,,
,Begin active work by 9:30AM each day,,X,X,X,X,1,,,1,
,"Time block each day, intent to better plan day",,X,X,X,1,X,,,1,
,Do 90 minutes of focused do not disturb work every workday OR,,,,,,,,,0,
,Do 4 pomadoro time blocks each day,,X,1,X,X,,,,1,
,"^Want to find a better way to do this, ideally want to have this be automated where my day 'free time' is set based on number of hours without meetings and an LLM determine how many pom's or fixed work times I should have and I confirm during 30 min planning stage",,,,,,,,,,
,"Do 15 minutes of AI training (read newsletter, experiment with a new tool, watch a video, etc.)",,X,X,X,1,1,,,2,
,,,,,,,,,,,
,Monthly,,,,,,,,,,
,"Review financial health (expenses, savings)",,,,,,,,,0,
,Check-in with Chelsey on how she feels about us and what I can do as a partner,,,,,,,,,0,
,"Go to 1 networking event a month - either direct coffee, happy hour or speaker",,,,,,,,,0,
,2 'nice' planned date nights a month - with baby this can be just planned apartment activites that I take lead on,,,,,,,,,,
,,,,,,,,,,,
,Cooking,,,,,,,,,,
,Cook 1 new meal a week,,,,,,,,1,1,
,Read 10 pages of cook book each week,,,,,,,,,0,
,,,,,,,,,,,
,Other,,,,,,,,,,
,Keep strike count under 10,,,,,,,,,0,
,Send in HSA rollover form,,,,,,,,1,1,
,,,,,,,,,,0,
,,,,,,,,,,,
,,,,,,,,,,,
,,,,,,,,,,17,
,,,,,,,,,,,
10/26- 11/1,,,,,,,,,,,
,,Sunday,Monday,Tuesday,Wednesday,Thursday,Friday,Saturday,,,
,Physical Health,,,,,,,,,,
,"2 Strength Training (Each session have 1 heavy, strength building and rest size)",X,,,X,,,,,0,
,2 Cardio Training ((1 swim),,,,,,,,1,1,
,10 Minute Stretching/Mobility ,,,,,,,,,0,
,Core Work Out x1 (Can be cardio focused core),,,,,,,,,0,
,No Zyns,X,X,X,X,X,X,X,,0,
,In bed by 11:15PM on weeknights,X,1,X,1,X,,,,2,
,No drinking,X,X,X,X,1,X,1,,2,
,,,,,,,,,,,
,Mental Health,,,,,,,,,,
,Meditate x7,1,X,X,X,1,X,1,,3,
,Gratitude Journal x7,X,X,X,X,X,X,X,,0,
,Ten Minutes Written Journaling x2 (Wednesday & Sunday),,X,,,,,,1,1,
,Read 50 pages of non-fiction OR 2 chapters of an audiobook,,,,,,,,,0,
,Read 1 chapter of a parenting book,,,,,,,,,0,
,Read 10 minutes every morning or evening,,,,,,,,,0,
,Max 15 minutes of Instagram per day,X,X,X,X,X,X,X,,0,
,Set week specific goals on Monday,X,X,X,X,X,X,X,,0,
,Review strikes each night or in morning of following day,X,X,X,X,X,X,X,,0,
,,,,,,,,,,,
,Budgeting,,,,,,,,,0,
,"Buy breakfast, x1 per week",,,,,,X,,,0,
,"Buy lunch max, x2 per weekdays",,,,,,,,,0,
,"Buy dinner max, x2 per weekdays",,X,,,,,,,0,
,"Buy lunch max, x1 per weekend",,,,,,,X,,0,
,"Buy dinner max, x1 per weekend",,,,,,,X,,0,
,Review expenses for 5 minutes at one point in the day,X,X,X,X,1,X,X,,1,
,,,,,,,,,,,
,Work,,,,,,,,,,
,Begin active work by 9:30AM each day,,X,X,X,X,X,,,0,
,"Time block each day, intent to better plan day",,X,X,X,X,X,,,0,
,Do 90 minutes of focused do not disturb work every workday OR,,,,,,,,,0,
,Do 4 pomadoro time blocks each day,,X,1,,,1,,,2,
,"^Want to find a better way to do this, ideally want to have this be automated where my day 'free time' is set based on number of hours without meetings and an LLM determine how many pom's or fixed work times I should have and I confirm during 30 min planning stage",,,,,,,,,,
,"Do 15 minutes of AI training (read newsletter, experiment with a new tool, watch a video, etc.)",,X,X,X,1,1,,,2,
,,,,,,,,,,,
,Monthly,,,,,,,,,,
,"Review financial health (expenses, savings)",,,,,,,,,0,
,Check-in with Chelsey on how she feels about us and what I can do as a partner,,,,,,,,,0,
,"Go to 1 networking event a month - either direct coffee, happy hour or speaker",,,,,,,,,0,
,2 'nice' planned date nights a month - with baby this can be just planned apartment activites that I take lead on,,,,,,,,,,
,,,,,,,,,,,
,Cooking,,,,,,,,,,
,Cook 1 new meal a week,,,,,,,,1,1,
,Read 10 pages of cook book each week,,,,,,,,,0,
,,,,,,,,,,,
,Other,,,,,,,,,,
,Polish boots,,,,,,,,1,1,
,Send in HSA rollover form,,,,,,,,1,1,
,Do AT&T,,,,,,,,1,1,
,Pay Chels bills with HSa,,,,,,,,1,,
,,,,,,,,,,,
,,,,,,,,,,18,
,,,,,,,,,,,
11/2- 11/8,,,,,,,,,,,
,,Sunday,Monday,Tuesday,Wednesday,Thursday,Friday,Saturday,,,
,Physical Health,,,,,,,,,,
,"2 Strength Training (Each session have 1 heavy, strength building and rest size)",,X,,X,X,,,,0,
,2 Cardio Training ((1 swim),,,,,,,,2,2,
,10 Minute Stretching/Mobility ,,,,,,,,,0,
,Core Work Out x1 (Can be cardio focused core),,,,,,,,,0,
,No Zyns,X,X,X,X,X,X,X,,0,
,In bed by 11:15PM on weeknights,X,1,1,X,1,,,,3,
,No drinking,X,X,X,X,X,X,1,,1,
,,,,,,,,,,,
,Mental Health,,,,,,,,,,
,Meditate x7,1,X,X,X,X,X,,,1,
,Gratitude Journal x7,X,X,X,X,X,X,X,,0,
,Ten Minutes Written Journaling x2 (Wednesday & Sunday),,X,,,,,,1,1,
,Read 50 pages of non-fiction OR 2 chapters of an audiobook,,,,,,,,,0,
,Read 1 chapter of a parenting book,,,,,,,,,0,
,Read 10 minutes every morning or evening,X,X,X,X,X,X,X,,0,
,Max 15 minutes of Instagram per day,X,X,X,X,X,X,X,,0,
,Set week specific goals on Monday,,,,,,,,,0,
,Review strikes each night or in morning of following day,X,X,X,X,X,X,X,,0,
,,,,,,,,,,,
,Budgeting,,,,,,,,,0,
,"Buy breakfast, x1 per week",,,,,,,,,0,
,"Buy lunch max, x2 per weekdays",,,,X,X,,,,0,
,"Buy dinner max, x2 per weekdays",,,,,,,,,0,
,"Buy lunch max, x1 per weekend",,,,,,,,,0,
,"Buy dinner max, x1 per weekend",,,,,,X,,,0,
,Review expenses for 5 minutes at one point in the day,X,X,X,X,X,X,X,,0,
,,,,,,,,,,,
,Work,,,,,,,,,,
,Begin active work by 9:30AM each day,,X,X,X,X,X,,,0,
,"Time block each day, intent to better plan day",,X,X,X,X,X,,,0,
,Do 90 minutes of focused do not disturb work every workday OR,,X,,,,,,,0,
,Do 4 pomadoro time blocks each day,,,X,X,X,X,,,0,
,"^Want to find a better way to do this, ideally want to have this be automated where my day 'free time' is set based on number of hours without meetings and an LLM determine how many pom's or fixed work times I should have and I confirm during 30 min planning stage",,,,,,,,,,
,"Do 15 minutes of AI training (read newsletter, experiment with a new tool, watch a video, etc.)",,X,1,X,X,X,,,1,
,,,,,,,,,,,
,Monthly,,,,,,,,,,
,"Review financial health (expenses, savings)",,,,,,,,,0,
,Check-in with Chelsey on how she feels about us and what I can do as a partner,,,,,,,,,0,
,"Go to 1 networking event a month - either direct coffee, happy hour or speaker",,,,,,,,,0,
,2 'nice' planned date nights a month - with baby this can be just planned apartment activites that I take lead on,,,,,,,,,,
,,,,,,,,,,,
,Cooking,,,,,,,,,,
,Cook 1 new meal a week,,,,,,,X,,0,
,Read 10 pages of cook book each week,,,,,,,,,0,
,,,,,,,,,,,
,Other,,,,,,,,,,
,Polish boots,,,,,,,,1,1,
,Send in HSA rollover form,,,,,,,,1,1,
,Do AT&T,,X,,,,,,,0,
,Pay Chels bills with HSa,,,,,,,,1,,
,,,,,,,,,,,
,Grand Total,,,,,,,,,11,
,,,,,,,,,,,
11/9- 11/15,,,,,,,,,,,
,,Sunday,Monday,Tuesday,Wednesday,Thursday,Friday,Saturday,,,
,Physical Health,,,,,,,,,,
,"2 Strength Training (Each session have 1 heavy, strength building and rest size)",,,X,X,,,,,0,
,2 Cardio Training ((1 swim),,X,,,,,X,,0,
,10 Minute Stretching/Mobility ,,,,,,,,,0,
,Core Work Out x1 (Can be cardio focused core),,,,,,,,,0,
,No Zyns,X,X,X,X,X,X,X,,0,
,In bed by 11:15PM on weeknights,1,1,X,1,X,,,,3,
,1 night of up to 2 drinks,X,X,X,1,X,X,X,,1,
,,,,,,,,,,,
,Mental Health,,,,,,,,,,
,Meditate x7,1,X,X,X,X,X,1,,2,
,Gratitude Journal x7,X,X,X,X,X,X,X,,0,
,Ten Minutes Written Journaling x2 (Wednesday & Sunday),,,X,X,,,X,,0,
,Read 50 pages of non-fiction OR 2 chapters of an audiobook,,,,,,,,,0,
,Read 1 chapter of a parenting book,,,,,,,,,0,
,Read 10 minutes every morning or evening,X,X,X,X,X,X,X,,0,
,Max 15 minutes of Instagram per day,,,,,,,,,0,
,Set week specific goals on Monday,,,,,,,,,0,
,Review strikes each night or in morning of following day,X,X,X,X,X,X,X,,0,
,,,,,,,,,,,
,Budgeting,,,,,,,,,0,
,"Buy breakfast, x1 per week",,,,,,,,,0,
,"Buy lunch max, x2 per weekdays",,,,,,,,,0,
,"Buy dinner max, x2 per weekdays",,,,X,X,,,,0,
,"Buy lunch max, x1 per weekend",,,,,,,,,0,
,"Buy dinner max, x1 per weekend",,,,,,,,,0,
,Review expenses for 5 minutes at one point in the day,1,1,X,X,X,X,X,,2,
,,,,,,,,,,,
,Work,,,,,,,,,,
,Begin active work by 9:30AM each day,,X,X,X,X,X,,,0,
,"Time block each day, intent to better plan day",,X,X,X,X,X,,,0,
,Do 90 minutes of focused do not disturb work every workday OR,,,,X,X,X,,,0,
,Do 4 pomadoro time blocks each day,,X,X,,,,,,0,
,"^Want to find a better way to do this, ideally want to have this be automated where my day 'free time' is set based on number of hours without meetings and an LLM determine how many pom's or fixed work times I should have and I confirm during 30 min planning stage",,,,,,,,,,
,"Do 15 minutes of AI training (read newsletter, experiment with a new tool, watch a video, etc.)",,1,X,X,X,X,,,1,
,,,,,,,,,,,
,Monthly,,,,,,,,,,
,"Review financial health (expenses, savings)",,,,,,,,,0,
,Check-in with Chelsey on how she feels about us and what I can do as a partner,,,,,,,,,0,
,"Go to 1 networking event a month - either direct coffee, happy hour or speaker",,,,,,,,,0,
,2 'nice' planned date nights a month - with baby this can be just planned apartment activites that I take lead on,,,,,,,,,,
,,,,,,,,,,,
,Cooking,,,,,,,,,,
,Cook 1 new meal a week,,,,,,,,1,1,
,Read 10 pages of cook book each week,,,,,,,,,0,
,,,,,,,,,,,
,Other,,,,,,,,,,
,Polish boots,,,,,,,,,0,
,Pay Chels bills with HSA,,,,,,,,1,1,
,Book Christmas flights,,,,,,,,,0,
,,,,,,,,,,,
,Grand Total,,,,,,,,,11,
,,,,,,,,,,,
11/16- 11/22,,,,,,,,,,,
,,Sunday,Monday,Tuesday,Wednesday,Thursday,Friday,Saturday,,,
,Physical Health,,,,,,,,,,
,"2 Strength Training (Each session have 1 heavy, strength building and rest size)",X,,X,,,,X,,0,
,2 Cardio Training ((1 swim),,,,,,,,2,2,
,10 Minute Stretching/Mobility ,,,,,,,,X,0,
,Core Work Out x1 (Can be cardio focused core),,,,,,,,1,1,
,No Zyns,X,X,X,X,X,X,X,,0,
,In bed by 11:15PM on weeknights,X,1,X,X,X,,,,1,
,1 night of up to 2 drinks,X,X,X,X,X,X,X,,0,
,,,,,,,,,,,
,Mental Health,,,,,,,,,,
,Meditate x7,X,X,1,X,X,1,X,,2,
,Gratitude Journal x7,X,X,X,X,X,X,X,,0,
,Ten Minutes Written Journaling x2 (Wednesday & Sunday),,,,,,,X,1,1,
,Read 50 pages of non-fiction OR 2 chapters of an audiobook,,,,,,,,,0,
,Read 1 chapter of a parenting book,,,,,,,,,0,
,Read 10 minutes every morning or evening,X,X,X,X,X,X,X,,0,
,Max 15 minutes of Instagram per day,,,,,,,,,0,
,Set week specific goals on Monday,,,,,,,,,0,
,Review strikes each night or in morning of following day,X,X,X,X,X,X,X,,0,
,,,,,,,,,,,
,Budgeting,,,,,,,,,0,
,"Buy breakfast, x1 per week",,X,1,,,1,,,2,
,"Buy lunch max, x2 per weekdays",,X,X,,,,,,0,
,"Buy dinner max, x2 per weekdays",,,,,,,,,0,
,"Buy lunch max, x1 per weekend",,,,,,,,,0,
,"Buy dinner max, x1 per weekend",,,,,,,,,0,
,Review expenses for 5 minutes at one point in the day,X,X,X,X,X,X,X,,0,
,,,,,,,,,,,
,Work,,,,,,,,,,
,Begin active work by 9:30AM each day,,X,X,X,X,X,,,0,
,"Time block each day, intent to better plan day",,X,X,X,X,X,,,0,
,Do 90 minutes of focused do not disturb work every workday OR,,,,,,,,,0,
,Do 4 pomadoro time blocks each day,,X,X,X,X,X,,,0,
,"^Want to find a better way to do this, ideally want to have this be automated where my day 'free time' is set based on number of hours without meetings and an LLM determine how many pom's or fixed work times I should have and I confirm during 30 min planning stage",,,,,,,,,,
,"Do 15 minutes of AI training (read newsletter, experiment with a new tool, watch a video, etc.)",,X,X,X,1,1,,,2,
,,,,,,,,,,,
,Monthly,,,,,,,,,,
,"Review financial health (expenses, savings)",,,,,,,,,0,
,Check-in with Chelsey on how she feels about us and what I can do as a partner,,,,,,,,,0,
,"Go to 1 networking event a month - either direct coffee, happy hour or speaker",,,,,,,,,0,
,2 'nice' planned date nights a month - with baby this can be just planned apartment activites that I take lead on,,,,,,,,,,
,,,,,,,,,,,
,Cooking,,,,,,,,,,
,Cook 1 new meal a week,,,,,,,,1,1,
,Read 10 pages of cook book each week,,,,,,,,,0,
,,,,,,,,,,,
,Other,,,,,,,,,,
,Polish boots,,,,,,,,1,1,
,Pay Chels bills with HSA,,,,,,,,1,1,
,,,,,,,,,,,
,Grand Total,,,,,,,,,14,
,,,,,,,,,,,
11/23- 11/29,,,,,,,,,,,
,,Sunday,Monday,Tuesday,Wednesday,Thursday,Friday,Saturday,,,
,Physical Health,,,,,,,,,,
,"2 Strength Training (Each session have 1 heavy, strength building and rest size)",,,,,,,,2,2,
,2 Cardio Training ((1 swim),,,,,,,,2,2,
,10 Minute Stretching/Mobility ,,,,,,,,1,1,
,Core Work Out x1 (Can be cardio focused core),,,,,,,,1,1,
,No Zyns,X,X,X,X,X,X,X,,0,
,In bed by 11:15PM on weeknights,X,X,,,,,,,0,
,1 night of up to 2 drinks,X,X,X,1,1,1,1,,4,
,,,,,,,,,,,
,Mental Health,,,,,,,,,,
,Meditate x7,1,X,1,1,1,1,1,,6,
,Gratitude Journal x7,X,X,X,X,X,X,X,,0,
,Ten Minutes Written Journaling x2 (Wednesday & Sunday),,,,,,,,,0,
,Read 50 pages of non-fiction OR 2 chapters of an audiobook,,,,,,,,,0,
,Read 1 chapter of a parenting book,,,,,,,,,0,
,Read 10 minutes every morning or evening,,,,,,,,,0,
,Max 15 minutes of Instagram per day,X,X,X,X,X,X,X,,0,
,Set week specific goals on Monday,X,X,X,X,X,X,X,,0,
,Review strikes each night or in morning of following day,X,X,X,X,1,1,1,,3,
,,,,,,,,,,,
,Budgeting,,,,,,,,,0,
,"Buy breakfast, x1 per week",,,,,,,,,0,
,"Buy lunch max, x2 per weekdays",,X,,,,,,,0,
,"Buy dinner max, x2 per weekdays",,,X,,,,,,0,
,"Buy lunch max, x1 per weekend",,,,,,,,,0,
,"Buy dinner max, x1 per weekend",,,,,,,,,0,
,Review expenses for 5 minutes at one point in the day,,,,1,1,1,1,,4,
,,,,,,,,,,,
,Work,,,,,,,,,,
,Begin active work by 9:30AM each day,,1,1,,,,,,2,
,"Time block each day, intent to better plan day",,1,X,,,,,,1,
,Do 90 minutes of focused do not disturb work every workday OR,,1,X,,,,,,1,
,Do 4 pomadoro time blocks each day,,,,,,,,,0,
,"^Want to find a better way to do this, ideally want to have this be automated where my day 'free time' is set based on number of hours without meetings and an LLM determine how many pom's or fixed work times I should have and I confirm during 30 min planning stage",,,,,,,,,,
,"Do 15 minutes of AI training (read newsletter, experiment with a new tool, watch a video, etc.)",,X,X,1,1,1,,,3,
,,,,,,,,,,,
,Monthly,,,,,,,,,,
,"Review financial health (expenses, savings)",,,,,,,,,0,
,Check-in with Chelsey on how she feels about us and what I can do as a partner,,,,,,,,,0,
,"Go to 1 networking event a month - either direct coffee, happy hour or speaker",,,,,,,,,0,
,2 'nice' planned date nights a month - with baby this can be just planned apartment activites that I take lead on,,,,,,,,,,
,,,,,,,,,,,
,Cooking,,,,,,,,,,
,Cook 1 new meal a week,,,,,,,,,0,
,Read 10 pages of cook book each week,,,,,,,,,0,
,,,,,,,,,,,
,Other,,,,,,,,,,
,Polish boots,,,,,,,,,0,
,Pay Chels bills with HSA,,,,,,,,,0,
,,,,,,,,,,,
,Grand Total,,,,,,,,,30,
,,,,,,,,,,,
11/30- 12/26,,,,,,,,,,,
,,Sunday,Monday,Tuesday,Wednesday,Thursday,Friday,Saturday,,,
,Physical Health,,,,,,,,,,
,"2 Strength Training (Each session have 1 heavy, strength building and rest size)",,,,,X,,X,,0,
,2 Cardio Training ((1 swim),,X,,,,,,1,1,
,10 Minute Stretching/Mobility ,,,,,,,,1,1,
,Core Work Out x1 (Can be cardio focused core),,,,,,,,1,1,
,No Zyns,X,X,X,X,X,X,X,,0,
,In bed by 11:15PM on weeknights,X,X,1,1,1,,,,3,
,1 night of up to 2 drinks,X,X,1,X,1,1,X,,3,
,,,,,,,,,,,
,Mental Health,,,,,,,,,,
,Meditate x7,X,X,X,X,X,X,X,,0,
,Gratitude Journal x7,X,X,X,X,X,X,X,,0,
,Ten Minutes Written Journaling x2 (Wednesday & Sunday),,,,,,X,X,,0,
,Read 50 pages of non-fiction OR 2 chapters of an audiobook,,,,,,,,,0,
,Read 1 chapter of a parenting book or 1 parenting article,,,,,,X,,,0,
,Read 10 minutes every morning or evening,X,X,X,1,X,X,,,1,
,Max 15 minutes of Instagram per day,X,X,X,X,X,X,X,,0,
,Set week specific goals on Monday,,,,,,,,,0,
,Review strikes each night or in morning of following day,X,X,X,X,X,X,X,,0,
,,,,,,,,,,,
,Budgeting,,,,,,,,,0,
,"Buy breakfast, x1 per week",,,,,,,,,0,
,"Buy lunch max, x2 per weekdays",,X,,,,,,,0,
,"Buy dinner max, x2 per weekdays",,,X,X,,,,,0,
,"Buy lunch max, x1 per weekend",,,,,,,,,0,
,"Buy dinner max, x1 per weekend",,,,,,,,,0,
,Review expenses for 5 minutes at one point in the day,1,X,X,X,X,1,X,,2,
,,,,,,,,,,,
,Work,,,,,,,,,,
,Begin active work by 9:30AM each day,,X,X,X,X,X,,,0,
,"Time block each day, intent to better plan day",,,X,X,X,X,,,0,
,Do 90 minutes of focused do not disturb work every workday OR,,,,,,,,,0,
,Do 4 pomadoro time blocks each day,,,X,X,X,X,,,0,
,"^Want to find a better way to do this, ideally want to have this be automated where my day 'free time' is set based on number of hours without meetings and an LLM determine how many pom's or fixed work times I should have and I confirm during 30 min planning stage",,,,,,,,,,
,"Do 15 minutes of AI training (read newsletter, experiment with a new tool, watch a video, etc.)",,X,X,1,X,X,,,1,
,,,,,,,,,,,
,Monthly,,,,,,,,,,
,"Review financial health (expenses, savings)",,,,,,,,,0,
,Check-in with Chelsey on how she feels about us and what I can do as a partner,,,,,,,,,0,
,"Go to 1 networking event a month - either direct coffee, happy hour or speaker",,,,,,,,,0,
,2 'nice' planned date nights a month - with baby this can be just planned apartment activites that I take lead on,,,,,,,,,,
,,,,,,,,,,,
,Cooking,,,,,,,,,,
,Cook 1 new meal a week,,,,,,,,,0,
,Read 10 pages of cook book each week,,,,,,,,,0,
,,,,,,,,,,,
,Other,,,,,,,,,,
,Polish boots,,,,,,,,,0,
,Pay Chels bills with HSA,,,,,,,,1,1,
,,,,,,,,,,,
,Grand Total,,,,,,,,,14,
,,,,,,,,,,,
12/7- 12/13,,,,,,,,,,,
,,Sunday,Monday,Tuesday,Wednesday,Thursday,Friday,Saturday,,,
,Physical Health,,,,,,,,,,
,"2 Strength Training (Each session have 1 heavy, strength building and rest size)",,,X,,,X,,,0,
,2 Cardio Training ((1 swim),,,,,,,,2,2,
,10 Minute Stretching/Mobility ,,,,X,,,,,0,
,Core Work Out x1 (Can be cardio focused core),,,,,,,,1,1,
,No Zyns,X,X,X,X,X,X,X,,0,
,In bed by 11:15PM on weeknights,1,X,X,1,X,,,,2,
,1 night of up to 2 drinks,1,X,X,X,X,X,1,,2,
,,,,,,,,,,,
,Mental Health,,,,,,,,,,
,Meditate x7,X,X,X,1,X,X,X,,1,
,Gratitude Journal x7,X,X,X,X,X,X,X,,0,
,Ten Minutes Written Journaling x2 (Wednesday & Sunday),,X,,,,,X,,0,
,Read 50 pages of non-fiction OR 2 chapters of an audiobook,,,,,,,,,0,
,Read 1 chapter of a parenting book or 1 parenting article,,,,,,,,,0,
,Read 10 minutes every morning or evening,X,X,X,X,X,X,X,,0,
,Max 15 minutes of Instagram per day,X,X,X,X,X,X,X,,0,
,Set week specific goals on Monday,,,,,,,,,0,
,Review strikes each night or in morning of following day,X,X,X,X,X,X,1,,1,
,,,,,,,,,,,
,Budgeting,,,,,,,,,0,
,"Buy breakfast, x1 per week",,,,X,,,,,0,
,"Buy lunch max, x2 per weekdays",,X,,,,,,,0,
,"Buy dinner max, x2 per weekdays",,,,,,X,,,0,
,"Buy lunch max, x1 per weekend",,,,,,,,,0,
,"Buy dinner max, x1 per weekend",,,,,,,,,0,
,Review expenses for 5 minutes at one point in the day,1,X,X,X,X,X,X,,1,
,,,,,,,,,,,
,Work,,,,,,,,,,
,Begin active work by 9:30AM each day,,X,X,,X,X,,,0,
,"Time block each day, intent to better plan day",,1,,X,X,1,,,2,
,Do 90 minutes of focused do not disturb work every workday OR,,X,,X,,1,,,1,
,Do 4 pomadoro time blocks each day,,,X,,,,,,0,
,"^Want to find a better way to do this, ideally want to have this be automated where my day 'free time' is set based on number of hours without meetings and an LLM determine how many pom's or fixed work times I should have and I confirm during 30 min planning stage",,,,,,,,,,
,"Do 15 minutes of AI training (read newsletter, experiment with a new tool, watch a video, etc.)",,X,X,X,,,,,0,
,,,,,,,,,,,
,Monthly,,,,,,,,,,
,"Review financial health (expenses, savings)",,,,,,,,,0,
,Check-in with Chelsey on how she feels about us and what I can do as a partner,,,,,,,,,0,
,"Go to 1 networking event a month - either direct coffee, happy hour or speaker",,,,,,,,,0,
,2 'nice' planned date nights a month - with baby this can be just planned apartment activites that I take lead on,,,,,,,,,,
,,,,,,,,,,,
,Cooking,,,,,,,,,,
,Cook 1 new meal a week,X,,,,,,X,,0,
,Read 10 pages of cook book each week,,,,,,,,,0,
,,,,,,,,,,,
,Other,,,,,,,,,,
,Polish boots,,,,,,,,,0,
,Pay Chels bills with HSA,,,,,,,,1,1,
,,,,,,,,,,,
,Grand Total,,,,,,,,,14,
,,,,,,,,,,,
12/14- 12/20,,,,,,,,,,,
,,Sunday,Monday,Tuesday,Wednesday,Thursday,Friday,Saturday,,,
,Physical Health,,,,,,,,,,
,"2 Strength Training (Each session have 1 heavy, strength building and rest size)",,,,,,,,,0,
,2 Cardio Training ((1 swim),,,,,,,,,0,
,10 Minute Stretching/Mobility ,,,,,,,,,0,
,Core Work Out x1 (Can be cardio focused core),,,,,,,,,0,
,No Zyns,X,,,,,,,,0,
,In bed by 11:15PM on weeknights,X,,,,,,,,0,
,1 night of up to 2 drinks,1,,,,,,,,1,
,,,,,,,,,,,
,Mental Health,,,,,,,,,,
,Meditate x7,1,,,,,,,,1,
,Gratitude Journal x7,X,,,,,,,,0,
,Ten Minutes Written Journaling x2 (Wednesday & Sunday),,,,,,,,,0,
,Read 50 pages of non-fiction OR 2 chapters of an audiobook,,,,,,,,,0,
,Read 1 chapter of a parenting book or 1 parenting article,,,,,,,,,0,
,Read 10 minutes every morning or evening,X,,,,,,,,0,
,Max 15 minutes of Instagram per day,X,,,,,,,,0,
,Set week specific goals on Monday,,,,,,,,,0,
,Review strikes each night or in morning of following day,1,,,,,,,,1,
,,,,,,,,,,,
,Budgeting,,,,,,,,,0,
,"Buy breakfast, x1 per week",,,,,,,,,0,
,"Buy lunch max, x2 per weekdays",,,,,,,,,0,
,"Buy dinner max, x2 per weekdays",,,,,,,,,0,
,"Buy lunch max, x1 per weekend",X,,,,,,,,0,
,"Buy dinner max, x1 per weekend",,,,,,,,,0,
,Review expenses for 5 minutes at one point in the day,1,,,,,,,,1,
,,,,,,,,,,,
,Work,,,,,,,,,,
,Begin active work by 9:30AM each day,,X,,,,,,,0,
,"Time block each day, intent to better plan day",,,,,,,,,0,
,Do 90 minutes of focused do not disturb work every workday OR,,,,,,,,,0,
,Do 4 pomadoro time blocks each day,,,,,,,,,0,
,"^Want to find a better way to do this, ideally want to have this be automated where my day 'free time' is set based on number of hours without meetings and an LLM determine how many pom's or fixed work times I should have and I confirm during 30 min planning stage",,,,,,,,,,
,"Do 15 minutes of AI training (read newsletter, experiment with a new tool, watch a video, etc.)",,,,,,,,,0,
,,,,,,,,,,,
,Monthly,,,,,,,,,,
,"Review financial health (expenses, savings)",,,,,,,,,0,
,Check-in with Chelsey on how she feels about us and what I can do as a partner,,,,,,,,,0,
,"Go to 1 networking event a month - either direct coffee, happy hour or speaker",,,,,,,,,0,
,2 'nice' planned date nights a month - with baby this can be just planned apartment activites that I take lead on,,,,,,,,,,
,,,,,,,,,,,
,Cooking,,,,,,,,,,
,Cook 1 new meal a week,,,,,,,,,0,
,Read 10 pages of cook book each week,,,,,,,,,0,
,,,,,,,,,,,
,Other,,,,,,,,,,
,Polish boots,,,,,,,,,0,
,Pay Chels bills with HSA,,,,,,,,,0,
,,,,,,,,,,,
,Grand Total,,,,,,,,,4,